Area,Date,Time,Temperature,Dew Point,Humidity,Wind,Wind Speed,Wind Gust,Pressure,Precip.,Condition
"Grand Lake, CO",12/30/2024,12:15 AM,45 °F,32 °F,61 °%,W,17 °mph,30 °mph,24.06 °in,0.0 °in,Fair
"Grand Lake, CO",12/30/2024,12:35 AM,45 °F,32 °F,61 °%,W,25 °mph,37 °mph,24.05 °in,0.0 °in,Fair / Windy
"Grand Lake, CO",12/30/2024,12:55 AM,45 °F,30 °F,57 °%,W,22 °mph,30 °mph,24.05 °in,0.0 °in,Fair / Windy
"Grand Lake, CO",12/30/2024,1:15 AM,45 °F,30 °F,57 °%,W,24 °mph,29 °mph,24.05 °in,0.0 °in,Fair / Windy
"Grand Lake, CO",12/30/2024,1:35 AM,45 °F,28 °F,53 °%,W,23 °mph,29 °mph,24.05 °in,0.0 °in,Fair / Windy
"Grand Lake, CO",12/30/2024,1:55 AM,45 °F,28 °F,53 °%,W,24 °mph,33 °mph,24.06 °in,0.0 °in,Fair / Windy
"Grand Lake, CO",12/30/2024,2:15 AM,45 °F,28 °F,53 °%,W,28 °mph,35 °mph,24.07 °in,0.0 °in,Fair / Windy
"Grand Lake, CO",12/30/2024,2:35 AM,43 °F,28 °F,57 °%,W,21 °mph,31 °mph,24.09 °in,0.0 °in,Fair / Windy
"Grand Lake, CO",12/30/2024,2:55 AM,43 °F,28 °F,57 °%,W,18 °mph,0 °mph,24.11 °in,0.0 °in,Fair
"Grand Lake, CO",12/30/2024,3:15 AM,43 °F,27 °F,53 °%,WSW,18 °mph,24 °mph,24.11 °in,0.0 °in,Fair
"Grand Lake, CO",12/30/2024,3:35 AM,41 °F,27 °F,57 °%,W,15 °mph,22 °mph,24.11 °in,0.0 °in,Fair
"Grand Lake, CO",12/30/2024,3:55 AM,43 °F,25 °F,49 °%,W,18 °mph,24 °mph,24.12 °in,0.0 °in,Fair
"Grand Lake, CO",12/30/2024,4:15 AM,41 °F,23 °F,49 °%,W,20 °mph,0 °mph,24.11 °in,0.0 °in,Fair
"Grand Lake, CO",12/30/2024,4:35 AM,41 °F,21 °F,45 °%,W,21 °mph,0 °mph,24.11 °in,0.0 °in,Fair / Windy
"Grand Lake, CO",12/30/2024,4:55 AM,41 °F,19 °F,42 °%,W,21 °mph,0 °mph,24.12 °in,0.0 °in,Fair / Windy
"Grand Lake, CO",12/30/2024,5:15 AM,41 °F,19 °F,42 °%,W,20 °mph,0 °mph,24.14 °in,0.0 °in,Fair
"Grand Lake, CO",12/30/2024,5:35 AM,41 °F,18 °F,39 °%,WNW,16 °mph,0 °mph,24.15 °in,0.0 °in,Fair
"Grand Lake, CO",12/30/2024,5:45 AM,43 °F,14 °F,31 °%,W,21 °mph,0 °mph,24.16 °in,0.0 °in,Fair / Windy
"Grand Lake, CO",12/30/2024,6:45 AM,39 °F,23 °F,52 °%,W,22 °mph,30 °mph,24.19 °in,0.0 °in,Fair / Windy
"Grand Lake, CO",12/30/2024,7:45 AM,39 °F,14 °F,36 °%,WSW,17 °mph,0 °mph,24.20 °in,0.0 °in,Fair
"Grand Lake, CO",12/30/2024,8:45 AM,43 °F,10 °F,27 °%,W,33 °mph,46 °mph,24.20 °in,0.0 °in,Fair / Windy
"Grand Lake, CO",12/30/2024,9:35 AM,45 °F,1 °F,17 °%,WNW,38 °mph,58 °mph,24.22 °in,0.0 °in,Fair / Windy
"Grand Lake, CO",12/30/2024,9:52 AM,45 °F,1 °F,17 °%,WNW,32 °mph,52 °mph,24.23 °in,0.0 °in,Fair / Windy
"Grand Lake, CO",12/30/2024,10:45 AM,46 °F,3 °F,17 °%,WNW,25 °mph,35 °mph,24.25 °in,0.0 °in,Fair / Windy
"Grand Lake, CO",12/30/2024,11:45 AM,46 °F,7 °F,20 °%,WNW,16 °mph,26 °mph,24.25 °in,0.0 °in,Fair
"Grand Lake, CO",12/30/2024,12:45 PM,45 °F,3 °F,18 °%,WNW,25 °mph,33 °mph,24.24 °in,0.0 °in,Fair / Windy
"Grand Lake, CO",12/30/2024,1:57 PM,45 °F,7 °F,21 °%,WNW,18 °mph,23 °mph,24.27 °in,0.0 °in,Fair
"Grand Lake, CO",12/30/2024,2:50 PM,43 °F,10 °F,27 °%,W,15 °mph,0 °mph,24.28 °in,0.0 °in,Partly Cloudy
"Grand Lake, CO",12/30/2024,3:58 PM,41 °F,9 °F,26 °%,WNW,20 °mph,26 °mph,24.33 °in,0.0 °in,Partly Cloudy
"Grand Lake, CO",12/30/2024,4:54 PM,36 °F,12 °F,38 °%,WNW,24 °mph,30 °mph,24.36 °in,0.0 °in,Partly Cloudy / Windy
"Grand Lake, CO",12/30/2024,5:45 PM,34 °F,5 °F,30 °%,W,24 °mph,32 °mph,24.35 °in,0.0 °in,Partly Cloudy / Windy
"Grand Lake, CO",12/30/2024,6:57 PM,36 °F,3 °F,26 °%,W,22 °mph,26 °mph,24.38 °in,0.0 °in,Partly Cloudy / Windy
"Grand Lake, CO",12/30/2024,7:53 PM,34 °F,7 °F,32 °%,WNW,20 °mph,28 °mph,24.39 °in,0.0 °in,Partly Cloudy
"Grand Lake, CO",12/30/2024,8:49 PM,30 °F,9 °F,40 °%,W,17 °mph,0 °mph,24.41 °in,0.0 °in,Partly Cloudy
"Grand Lake, CO",12/30/2024,9:46 PM,30 °F,9 °F,40 °%,W,18 °mph,28 °mph,24.42 °in,0.0 °in,Partly Cloudy
"Grand Lake, CO",12/30/2024,10:15 PM,32 °F,7 °F,35 °%,WNW,18 °mph,23 °mph,24.42 °in,0.0 °in,Fair
"Grand Lake, CO",12/30/2024,10:35 PM,32 °F,7 °F,35 °%,WNW,16 °mph,22 °mph,24.41 °in,0.0 °in,Fair
"Grand Lake, CO",12/30/2024,10:55 PM,32 °F,5 °F,32 °%,WNW,10 °mph,0 °mph,24.43 °in,0.0 °in,Fair
"Grand Lake, CO",12/30/2024,11:15 PM,30 °F,5 °F,34 °%,WNW,8 °mph,0 °mph,24.42 °in,0.0 °in,Fair
"Grand Lake, CO",12/30/2024,11:35 PM,30 °F,5 °F,34 °%,WNW,6 °mph,0 °mph,24.42 °in,0.0 °in,Fair
"Grand Lake, CO",12/30/2024,11:55 PM,30 °F,5 °F,34 °%,W,9 °mph,0 °mph,24.42 °in,0.0 °in,Fair
"Buellton, CA",12/30/2024,12:53 AM,50 °F,48 °F,93 °%,NNW,3 °mph,0 °mph,30.06 °in,0.0 °in,Fair
"Buellton, CA",12/30/2024,1:53 AM,47 °F,46 °F,97 °%,WNW,3 °mph,0 °mph,30.06 °in,0.0 °in,Fair
"Buellton, CA",12/30/2024,2:53 AM,47 °F,46 °F,97 °%,CALM,0 °mph,0 °mph,30.05 °in,0.0 °in,Fair
"Buellton, CA",12/30/2024,3:25 AM,48 °F,47 °F,96 °%,CALM,0 °mph,0 °mph,30.04 °in,0.0 °in,Partly Cloudy
"Buellton, CA",12/30/2024,3:34 AM,44 °F,44 °F,100 °%,CALM,0 °mph,0 °mph,30.04 °in,0.0 °in,Mostly Cloudy
"Buellton, CA",12/30/2024,3:44 AM,45 °F,44 °F,97 °%,NE,5 °mph,0 °mph,30.04 °in,0.0 °in,Cloudy
"Buellton, CA",12/30/2024,3:53 AM,48 °F,46 °F,93 °%,NE,3 °mph,0 °mph,30.03 °in,0.0 °in,Cloudy
"Buellton, CA",12/30/2024,4:07 AM,48 °F,47 °F,96 °%,CALM,0 °mph,0 °mph,30.03 °in,0.0 °in,Mist
"Buellton, CA",12/30/2024,4:16 AM,48 °F,48 °F,100 °%,CALM,0 °mph,0 °mph,30.03 °in,0.0 °in,Fog
"Buellton, CA",12/30/2024,4:53 AM,50 °F,49 °F,96 °%,NE,5 °mph,0 °mph,30.03 °in,0.0 °in,Fog
"Buellton, CA",12/30/2024,5:53 AM,51 °F,51 °F,100 °%,NNE,5 °mph,0 °mph,30.03 °in,0.0 °in,Fog
"Buellton, CA",12/30/2024,6:53 AM,51 °F,50 °F,96 °%,N,3 °mph,0 °mph,30.04 °in,0.0 °in,Fog
"Buellton, CA",12/30/2024,7:53 AM,53 °F,52 °F,96 °%,NE,5 °mph,0 °mph,30.05 °in,0.0 °in,Mist
"Buellton, CA",12/30/2024,8:13 AM,53 °F,53 °F,100 °%,NNE,3 °mph,0 °mph,30.06 °in,0.0 °in,Mist
"Buellton, CA",12/30/2024,8:53 AM,54 °F,53 °F,97 °%,NNE,5 °mph,0 °mph,30.07 °in,0.0 °in,Mist
"Buellton, CA",12/30/2024,9:00 AM,54 °F,53 °F,97 °%,NE,5 °mph,0 °mph,30.07 °in,0.0 °in,Mist
"Buellton, CA",12/30/2024,9:53 AM,54 °F,52 °F,93 °%,CALM,0 °mph,0 °mph,30.08 °in,0.0 °in,Mist
"Buellton, CA",12/30/2024,10:53 AM,55 °F,52 °F,89 °%,SSE,3 °mph,0 °mph,30.07 °in,0.0 °in,Mist
"Buellton, CA",12/30/2024,11:53 AM,57 °F,52 °F,83 °%,SSE,8 °mph,0 °mph,30.03 °in,0.0 °in,Mostly Cloudy
"Buellton, CA",12/30/2024,12:53 PM,55 °F,52 °F,89 °%,VAR,5 °mph,0 °mph,30.02 °in,0.0 °in,Mostly Cloudy
"Buellton, CA",12/30/2024,1:53 PM,56 °F,52 °F,87 °%,SSE,7 °mph,0 °mph,30.00 °in,0.0 °in,Mostly Cloudy
"Buellton, CA",12/30/2024,2:38 PM,56 °F,52 °F,87 °%,WSW,5 °mph,0 °mph,29.99 °in,0.0 °in,Partly Cloudy
"Buellton, CA",12/30/2024,2:53 PM,57 °F,52 °F,83 °%,CALM,0 °mph,0 °mph,29.98 °in,0.0 °in,Haze
"Buellton, CA",12/30/2024,3:53 PM,53 °F,51 °F,93 °%,SE,6 °mph,0 °mph,29.98 °in,0.0 °in,Haze
"Buellton, CA",12/30/2024,4:11 PM,52 °F,52 °F,100 °%,SSE,7 °mph,0 °mph,29.98 °in,0.0 °in,Haze
"Buellton, CA",12/30/2024,4:24 PM,51 °F,51 °F,100 °%,SE,5 °mph,0 °mph,29.99 °in,0.0 °in,Fog
"Buellton, CA",12/30/2024,4:35 PM,51 °F,51 °F,100 °%,SE,5 °mph,0 °mph,29.99 °in,0.0 °in,Fog
"Buellton, CA",12/30/2024,4:53 PM,52 °F,51 °F,97 °%,SE,3 °mph,0 °mph,29.99 °in,0.0 °in,Fog
"Buellton, CA",12/30/2024,5:24 PM,52 °F,51 °F,97 °%,CALM,0 °mph,0 °mph,29.99 °in,0.0 °in,Fog
"Buellton, CA",12/30/2024,5:53 PM,52 °F,52 °F,100 °%,E,3 °mph,0 °mph,30.00 °in,0.0 °in,Mist
"Buellton, CA",12/30/2024,6:09 PM,52 °F,51 °F,97 °%,CALM,0 °mph,0 °mph,30.00 °in,0.0 °in,Fog
"Buellton, CA",12/30/2024,6:53 PM,52 °F,51 °F,97 °%,NE,5 °mph,0 °mph,30.00 °in,0.0 °in,Fog
"Buellton, CA",12/30/2024,7:53 PM,51 °F,51 °F,100 °%,SSE,3 °mph,0 °mph,30.01 °in,0.0 °in,Fog
"Buellton, CA",12/30/2024,8:53 PM,50 °F,50 °F,100 °%,SSE,3 °mph,0 °mph,30.01 °in,0.0 °in,Fog
"Buellton, CA",12/30/2024,9:53 PM,50 °F,50 °F,100 °%,CALM,0 °mph,0 °mph,30.01 °in,0.0 °in,Fog
"Buellton, CA",12/30/2024,10:53 PM,49 °F,49 °F,100 °%,NNW,5 °mph,0 °mph,30.01 °in,0.0 °in,Fog
"Buellton, CA",12/30/2024,11:00 PM,49 °F,49 °F,100 °%,NNW,5 °mph,0 °mph,30.01 °in,0.0 °in,Fog
"Buellton, CA",12/30/2024,11:53 PM,49 °F,48 °F,97 °%,CALM,0 °mph,0 °mph,30.00 °in,0.0 °in,Fog
"Kilauea, HI",12/30/2024,12:53 AM,73 °F,64 °F,73 °%,NNE,9 °mph,0 °mph,29.97 °in,0.0 °in,Mostly Cloudy
"Kilauea, HI",12/30/2024,1:03 AM,73 °F,0 °F,0 °%,NNE,9 °mph,0 °mph,29.97 °in,0.0 °in,Mist
"Kilauea, HI",12/30/2024,1:06 AM,73 °F,0 °F,0 °%,NE,9 °mph,0 °mph,29.97 °in,0.0 °in,Mist
"Kilauea, HI",12/30/2024,1:13 AM,73 °F,0 °F,0 °%,NE,12 °mph,0 °mph,29.97 °in,0.0 °in,Mist
"Kilauea, HI",12/30/2024,1:17 AM,73 °F,0 °F,0 °%,NE,9 °mph,0 °mph,29.97 °in,0.0 °in,Haze
"Kilauea, HI",12/30/2024,1:24 AM,74 °F,0 °F,0 °%,NE,10 °mph,0 °mph,29.97 °in,0.0 °in,Mist
"Kilauea, HI",12/30/2024,1:39 AM,73 °F,0 °F,0 °%,ENE,13 °mph,0 °mph,29.96 °in,0.0 °in,Partly Cloudy
"Kilauea, HI",12/30/2024,1:53 AM,73 °F,0 °F,0 °%,NE,10 °mph,0 °mph,29.96 °in,0.0 °in,Mist
"Kilauea, HI",12/30/2024,1:57 AM,73 °F,0 °F,0 °%,NE,10 °mph,0 °mph,29.96 °in,0.0 °in,Mist
"Kilauea, HI",12/30/2024,2:10 AM,74 °F,0 °F,0 °%,ENE,10 °mph,0 °mph,29.96 °in,0.0 °in,Fog
"Kilauea, HI",12/30/2024,2:16 AM,74 °F,0 °F,0 °%,NE,10 °mph,0 °mph,29.96 °in,0.0 °in,Mist
"Kilauea, HI",12/30/2024,2:26 AM,74 °F,74 °F,100 °%,ENE,9 °mph,0 °mph,29.95 °in,0.0 °in,Mist
"Kilauea, HI",12/30/2024,2:30 AM,74 °F,74 °F,100 °%,ENE,16 °mph,22 °mph,29.95 °in,0.0 °in,Mist
"Kilauea, HI",12/30/2024,2:32 AM,74 °F,74 °F,100 °%,ENE,12 °mph,22 °mph,29.95 °in,0.0 °in,Light Rain
"Kilauea, HI",12/30/2024,2:42 AM,72 °F,72 °F,100 °%,,0 °mph,0 °mph,29.95 °in,0.0 °in,Light Rain
"Kilauea, HI",12/30/2024,2:53 AM,72 °F,0 °F,0 °%,ENE,9 °mph,0 °mph,29.94 °in,0.0 °in,Mist
"Kilauea, HI",12/30/2024,3:12 AM,73 °F,0 °F,0 °%,NE,10 °mph,0 °mph,29.94 °in,0.0 °in,Mist
"Kilauea, HI",12/30/2024,3:22 AM,73 °F,0 °F,0 °%,NE,9 °mph,0 °mph,29.94 °in,0.0 °in,Fog
"Kilauea, HI",12/30/2024,3:27 AM,73 °F,0 °F,0 °%,NE,9 °mph,0 °mph,29.94 °in,0.0 °in,Fog
"Kilauea, HI",12/30/2024,3:48 AM,73 °F,73 °F,100 °%,ENE,12 °mph,0 °mph,29.94 °in,0.0 °in,Fog
"Kilauea, HI",12/30/2024,3:53 AM,73 °F,73 °F,100 °%,ENE,9 °mph,0 °mph,29.94 °in,0.0 °in,Fog
"Kilauea, HI",12/30/2024,4:39 AM,73 °F,0 °F,0 °%,NNE,15 °mph,0 °mph,29.94 °in,0.0 °in,Light Rain
"Kilauea, HI",12/30/2024,4:53 AM,72 °F,0 °F,0 °%,NNE,8 °mph,0 °mph,29.94 °in,0.0 °in,Fog
"Kilauea, HI",12/30/2024,5:22 AM,73 °F,0 °F,0 °%,NE,15 °mph,0 °mph,29.94 °in,0.0 °in,Fog
"Kilauea, HI",12/30/2024,5:42 AM,73 °F,73 °F,100 °%,NE,10 °mph,0 °mph,29.95 °in,0.0 °in,Fog
"Kilauea, HI",12/30/2024,5:50 AM,73 °F,73 °F,100 °%,NE,12 °mph,0 °mph,29.95 °in,0.0 °in,Fog
"Kilauea, HI",12/30/2024,5:53 AM,73 °F,0 °F,0 °%,NE,12 °mph,0 °mph,29.95 °in,0.0 °in,Mostly Cloudy
"Kilauea, HI",12/30/2024,6:00 AM,70 °F,64 °F,81 °%,NNE,14 °mph,0 °mph,29.95 °in,0.0 °in,Mostly Cloudy
"Kilauea, HI",12/30/2024,6:53 AM,68 °F,64 °F,87 °%,NNE,12 °mph,0 °mph,29.96 °in,0.0 °in,Mostly Cloudy
"Kilauea, HI",12/30/2024,7:53 AM,70 °F,64 °F,81 °%,ENE,13 °mph,0 °mph,29.97 °in,0.0 °in,Mostly Cloudy
"Kilauea, HI",12/30/2024,8:53 AM,72 °F,68 °F,87 °%,NNE,14 °mph,0 °mph,29.98 °in,0.0 °in,Light Rain
"Kilauea, HI",12/30/2024,9:53 AM,75 °F,68 °F,79 °%,NE,16 °mph,0 °mph,29.99 °in,0.0 °in,Mostly Cloudy
"Kilauea, HI",12/30/2024,10:53 AM,79 °F,79 °F,100 °%,NE,14 °mph,0 °mph,29.98 °in,0.0 °in,Partly Cloudy
"Kilauea, HI",12/30/2024,11:00 AM,79 °F,78 °F,97 °%,ENE,12 °mph,0 °mph,29.98 °in,0.0 °in,Mostly Cloudy
"Kilauea, HI",12/30/2024,11:23 AM,78 °F,67 °F,68 °%,NE,13 °mph,0 °mph,29.97 °in,0.0 °in,Mostly Cloudy
"Kilauea, HI",12/30/2024,11:33 AM,78 °F,67 °F,68 °%,NE,13 °mph,0 °mph,29.97 °in,0.0 °in,Partly Cloudy
"Kilauea, HI",12/30/2024,11:53 AM,78 °F,67 °F,68 °%,ENE,14 °mph,0 °mph,29.96 °in,0.0 °in,Fair
"Kilauea, HI",12/30/2024,12:02 PM,80 °F,78 °F,94 °%,ENE,15 °mph,0 °mph,29.96 °in,0.0 °in,Fog
"Kilauea, HI",12/30/2024,12:05 PM,79 °F,66 °F,64 °%,ENE,12 °mph,0 °mph,29.95 °in,0.0 °in,Partly Cloudy
"Kilauea, HI",12/30/2024,12:53 PM,77 °F,66 °F,69 °%,ENE,14 °mph,0 °mph,29.94 °in,0.0 °in,Partly Cloudy
"Kilauea, HI",12/30/2024,1:53 PM,81 °F,67 °F,62 °%,ENE,14 °mph,0 °mph,29.92 °in,0.0 °in,Partly Cloudy
"Kilauea, HI",12/30/2024,2:53 PM,81 °F,66 °F,60 °%,ENE,14 °mph,0 °mph,29.92 °in,0.0 °in,Mostly Cloudy
"Kilauea, HI",12/30/2024,3:53 PM,79 °F,77 °F,94 °%,NE,14 °mph,0 °mph,29.91 °in,0.0 °in,Partly Cloudy
"Kilauea, HI",12/30/2024,4:14 PM,78 °F,77 °F,96 °%,NE,13 °mph,0 °mph,29.91 °in,0.0 °in,Mostly Cloudy
"Kilauea, HI",12/30/2024,4:24 PM,77 °F,77 °F,100 °%,ENE,15 °mph,0 °mph,29.91 °in,0.0 °in,Partly Cloudy
"Kilauea, HI",12/30/2024,4:53 PM,77 °F,77 °F,100 °%,ENE,14 °mph,0 °mph,29.91 °in,0.0 °in,Partly Cloudy
"Kilauea, HI",12/30/2024,5:04 PM,77 °F,63 °F,62 °%,ENE,14 °mph,0 °mph,29.91 °in,0.0 °in,Partly Cloudy
"Kilauea, HI",12/30/2024,5:09 PM,77 °F,63 °F,62 °%,ENE,14 °mph,0 °mph,29.91 °in,0.0 °in,Haze
"Kilauea, HI",12/30/2024,5:17 PM,77 °F,63 °F,62 °%,ENE,14 °mph,0 °mph,29.92 °in,0.0 °in,Partly Cloudy
"Kilauea, HI",12/30/2024,5:53 PM,77 °F,63 °F,62 °%,ENE,15 °mph,0 °mph,29.93 °in,0.0 °in,Partly Cloudy
"Kilauea, HI",12/30/2024,6:53 PM,75 °F,75 °F,100 °%,ENE,17 °mph,0 °mph,29.94 °in,0.0 °in,Fair
"Kilauea, HI",12/30/2024,7:53 PM,75 °F,74 °F,96 °%,E,17 °mph,0 °mph,29.96 °in,0.0 °in,Fair
"Kilauea, HI",12/30/2024,8:53 PM,76 °F,76 °F,100 °%,NE,13 °mph,0 °mph,29.98 °in,0.0 °in,Mostly Cloudy
"Kilauea, HI",12/30/2024,9:04 PM,76 °F,76 °F,100 °%,NE,14 °mph,0 °mph,29.98 °in,0.0 °in,Cloudy
"Kilauea, HI",12/30/2024,9:27 PM,72 °F,63 °F,73 °%,ENE,14 °mph,0 °mph,29.98 °in,0.0 °in,Mostly Cloudy
"Kilauea, HI",12/30/2024,9:53 PM,72 °F,63 °F,73 °%,ENE,15 °mph,0 °mph,29.98 °in,0.0 °in,Partly Cloudy
"Kilauea, HI",12/30/2024,10:53 PM,72 °F,63 °F,73 °%,ENE,16 °mph,0 °mph,29.99 °in,0.0 °in,Haze
"Kilauea, HI",12/30/2024,11:00 PM,72 °F,61 °F,68 °%,E,15 °mph,0 °mph,29.99 °in,0.0 °in,Fair
"Kilauea, HI",12/30/2024,11:53 PM,72 °F,61 °F,68 °%,ENE,13 °mph,0 °mph,29.99 °in,0.0 °in,Mostly Cloudy
"Honolulu, HI",12/30/2024,12:53 AM,73 °F,67 °F,81 °%,NW,3 °mph,0 °mph,30.11 °in,0.0 °in,Partly Cloudy
"Honolulu, HI",12/30/2024,1:53 AM,72 °F,67 °F,84 °%,NW,5 °mph,0 °mph,30.10 °in,0.0 °in,Fair
"Honolulu, HI",12/30/2024,2:53 AM,71 °F,67 °F,87 °%,NW,5 °mph,0 °mph,30.09 °in,0.0 °in,Fair
"Honolulu, HI",12/30/2024,3:53 AM,71 °F,67 °F,87 °%,WNW,3 °mph,0 °mph,30.08 °in,0.0 °in,Partly Cloudy
"Honolulu, HI",12/30/2024,4:53 AM,70 °F,67 °F,90 °%,CALM,0 °mph,0 °mph,30.08 °in,0.0 °in,Partly Cloudy
"Honolulu, HI",12/30/2024,5:53 AM,71 °F,67 °F,87 °%,NNW,7 °mph,0 °mph,30.08 °in,0.0 °in,Partly Cloudy
"Honolulu, HI",12/30/2024,6:53 AM,70 °F,68 °F,93 °%,WNW,7 °mph,0 °mph,30.10 °in,0.0 °in,Partly Cloudy
"Honolulu, HI",12/30/2024,7:53 AM,71 °F,68 °F,90 °%,NNW,5 °mph,0 °mph,30.12 °in,0.0 °in,Partly Cloudy
"Honolulu, HI",12/30/2024,8:53 AM,74 °F,67 °F,79 °%,NE,12 °mph,0 °mph,30.13 °in,0.0 °in,Mostly Cloudy
"Honolulu, HI",12/30/2024,9:53 AM,79 °F,66 °F,64 °%,NE,14 °mph,0 °mph,30.13 °in,0.0 °in,Partly Cloudy
"Honolulu, HI",12/30/2024,10:53 AM,82 °F,65 °F,56 °%,ENE,14 °mph,23 °mph,30.12 °in,0.0 °in,Partly Cloudy
"Honolulu, HI",12/30/2024,11:53 AM,83 °F,66 °F,56 °%,ENE,20 °mph,26 °mph,30.09 °in,0.0 °in,Partly Cloudy
"Honolulu, HI",12/30/2024,12:53 PM,83 °F,65 °F,54 °%,ENE,20 °mph,29 °mph,30.06 °in,0.0 °in,Partly Cloudy
"Honolulu, HI",12/30/2024,1:53 PM,83 °F,65 °F,54 °%,ENE,18 °mph,26 °mph,30.04 °in,0.0 °in,Partly Cloudy
"Honolulu, HI",12/30/2024,2:53 PM,84 °F,65 °F,53 °%,NE,18 °mph,28 °mph,30.04 °in,0.0 °in,Partly Cloudy
"Honolulu, HI",12/30/2024,3:53 PM,82 °F,65 °F,56 °%,ENE,20 °mph,26 °mph,30.03 °in,0.0 °in,Partly Cloudy
"Honolulu, HI",12/30/2024,4:53 PM,81 °F,65 °F,58 °%,NE,12 °mph,22 °mph,30.04 °in,0.0 °in,Fair
"Honolulu, HI",12/30/2024,5:53 PM,78 °F,64 °F,62 °%,NE,9 °mph,0 °mph,30.05 °in,0.0 °in,Fair
"Honolulu, HI",12/30/2024,6:53 PM,77 °F,64 °F,64 °%,ENE,9 °mph,0 °mph,30.07 °in,0.0 °in,Fair
"Honolulu, HI",12/30/2024,7:53 PM,77 °F,64 °F,64 °%,NE,18 °mph,23 °mph,30.09 °in,0.0 °in,Fair
"Honolulu, HI",12/30/2024,8:53 PM,77 °F,65 °F,66 °%,ENE,8 °mph,0 °mph,30.10 °in,0.0 °in,Fair
"Honolulu, HI",12/30/2024,9:53 PM,77 °F,65 °F,66 °%,ENE,18 °mph,25 °mph,30.12 °in,0.0 °in,Fair
"Honolulu, HI",12/30/2024,10:53 PM,77 °F,65 °F,66 °%,ENE,15 °mph,24 °mph,30.12 °in,0.0 °in,Fair
"Honolulu, HI",12/30/2024,11:53 PM,76 °F,65 °F,69 °%,ENE,16 °mph,0 °mph,30.11 °in,0.0 °in,Fair
"Madison, NH",12/30/2024,12:38 AM,36 °F,36 °F,100 °%,N,3 °mph,0 °mph,29.82 °in,0.0 °in,Fog
"Madison, NH",12/30/2024,12:51 AM,36 °F,36 °F,100 °%,CALM,0 °mph,0 °mph,29.82 °in,0.0 °in,Fog
"Madison, NH",12/30/2024,1:00 AM,36 °F,36 °F,100 °%,CALM,0 °mph,0 °mph,29.81 °in,0.0 °in,Fog
"Madison, NH",12/30/2024,1:51 AM,36 °F,36 °F,100 °%,NW,5 °mph,0 °mph,29.80 °in,0.0 °in,Mist
"Madison, NH",12/30/2024,1:57 AM,36 °F,36 °F,100 °%,WNW,6 °mph,0 °mph,29.80 °in,0.0 °in,Mist
"Madison, NH",12/30/2024,2:03 AM,36 °F,36 °F,100 °%,WNW,3 °mph,0 °mph,29.79 °in,0.0 °in,Mist
"Madison, NH",12/30/2024,2:11 AM,37 °F,37 °F,100 °%,CALM,0 °mph,0 °mph,29.79 °in,0.0 °in,Mist
"Madison, NH",12/30/2024,2:31 AM,37 °F,37 °F,100 °%,CALM,0 °mph,0 °mph,29.78 °in,0.0 °in,Mist
"Madison, NH",12/30/2024,2:51 AM,37 °F,37 °F,100 °%,CALM,0 °mph,0 °mph,29.78 °in,0.0 °in,Cloudy
"Madison, NH",12/30/2024,3:51 AM,38 °F,38 °F,100 °%,CALM,0 °mph,0 °mph,29.74 °in,0.0 °in,Cloudy
"Madison, NH",12/30/2024,4:51 AM,46 °F,45 °F,96 °%,SSE,7 °mph,0 °mph,29.72 °in,0.0 °in,Cloudy
"Madison, NH",12/30/2024,5:51 AM,47 °F,46 °F,97 °%,S,9 °mph,0 °mph,29.69 °in,0.0 °in,Cloudy
"Madison, NH",12/30/2024,6:51 AM,48 °F,47 °F,96 °%,S,9 °mph,0 °mph,29.66 °in,0.0 °in,Light Rain
"Madison, NH",12/30/2024,7:51 AM,49 °F,47 °F,93 °%,SSE,9 °mph,0 °mph,29.63 °in,0.0 °in,Cloudy
"Madison, NH",12/30/2024,8:51 AM,50 °F,48 °F,93 °%,S,14 °mph,24 °mph,29.62 °in,0.0 °in,Rain
"Madison, NH",12/30/2024,9:06 AM,49 °F,48 °F,97 °%,SSW,10 °mph,26 °mph,29.63 °in,0.1 °in,Rain
"Madison, NH",12/30/2024,9:15 AM,49 °F,48 °F,97 °%,S,9 °mph,20 °mph,29.63 °in,0.1 °in,Heavy Rain
"Madison, NH",12/30/2024,9:41 AM,49 °F,48 °F,97 °%,SSE,10 °mph,21 °mph,29.60 °in,0.2 °in,Heavy Rain
"Madison, NH",12/30/2024,9:51 AM,49 °F,49 °F,100 °%,S,9 °mph,21 °mph,29.60 °in,0.3 °in,Heavy Rain
"Madison, NH",12/30/2024,10:46 AM,48 °F,48 °F,100 °%,S,10 °mph,26 °mph,29.55 °in,0.1 °in,Light Rain
"Madison, NH",12/30/2024,10:51 AM,49 °F,49 °F,100 °%,S,13 °mph,23 °mph,29.54 °in,0.1 °in,Light Rain
"Madison, NH",12/30/2024,11:09 AM,49 °F,49 °F,100 °%,S,15 °mph,24 °mph,29.52 °in,0.0 °in,Light Rain
"Madison, NH",12/30/2024,11:51 AM,50 °F,50 °F,100 °%,S,17 °mph,32 °mph,29.48 °in,0.1 °in,Light Rain
"Madison, NH",12/30/2024,12:36 PM,49 °F,49 °F,100 °%,S,10 °mph,23 °mph,29.45 °in,0.1 °in,Rain
"Madison, NH",12/30/2024,12:51 PM,49 °F,49 °F,100 °%,S,13 °mph,21 °mph,29.44 °in,0.1 °in,Light Rain
"Madison, NH",12/30/2024,1:11 PM,49 °F,49 °F,100 °%,S,10 °mph,0 °mph,29.43 °in,0.0 °in,Light Rain
"Madison, NH",12/30/2024,1:39 PM,49 °F,49 °F,100 °%,S,14 °mph,23 °mph,29.42 °in,0.1 °in,Light Rain
"Madison, NH",12/30/2024,1:51 PM,49 °F,49 °F,100 °%,S,15 °mph,25 °mph,29.42 °in,0.1 °in,Light Rain
"Madison, NH",12/30/2024,2:45 PM,48 °F,48 °F,100 °%,S,14 °mph,24 °mph,29.41 °in,0.0 °in,Fog
"Madison, NH",12/30/2024,2:46 PM,48 °F,48 °F,100 °%,S,15 °mph,24 °mph,29.41 °in,0.0 °in,Fog
"Madison, NH",12/30/2024,3:51 PM,47 °F,47 °F,100 °%,S,10 °mph,20 °mph,29.44 °in,0.0 °in,Fog
"Madison, NH",12/30/2024,4:51 PM,48 °F,48 °F,100 °%,S,9 °mph,0 °mph,29.46 °in,0.0 °in,Fog
"Madison, NH",12/30/2024,5:51 PM,47 °F,47 °F,100 °%,S,9 °mph,0 °mph,29.48 °in,0.0 °in,Mist
"Madison, NH",12/30/2024,6:51 PM,47 °F,47 °F,100 °%,W,6 °mph,0 °mph,29.52 °in,0.0 °in,Mist
"Madison, NH",12/30/2024,7:35 PM,47 °F,47 °F,100 °%,SSW,5 °mph,0 °mph,29.54 °in,0.0 °in,Mist
"Madison, NH",12/30/2024,7:51 PM,46 °F,46 °F,100 °%,SSE,3 °mph,0 °mph,29.55 °in,0.0 °in,Mist
"Madison, NH",12/30/2024,7:56 PM,44 °F,44 °F,100 °%,SSE,5 °mph,0 °mph,29.55 °in,0.0 °in,Fog
"Madison, NH",12/30/2024,8:13 PM,44 °F,44 °F,100 °%,SSW,3 °mph,0 °mph,29.55 °in,0.0 °in,Mist
"Madison, NH",12/30/2024,8:51 PM,42 °F,42 °F,100 °%,S,3 °mph,0 °mph,29.57 °in,0.0 °in,Fog
"Madison, NH",12/30/2024,9:17 PM,42 °F,42 °F,100 °%,SSW,6 °mph,0 °mph,29.58 °in,0.0 °in,Mist
"Madison, NH",12/30/2024,9:20 PM,42 °F,42 °F,100 °%,SSW,6 °mph,0 °mph,29.58 °in,0.0 °in,Fair
"Madison, NH",12/30/2024,9:51 PM,42 °F,42 °F,100 °%,SW,3 °mph,0 °mph,29.58 °in,0.0 °in,Fair
"Madison, NH",12/30/2024,10:51 PM,40 °F,40 °F,100 °%,SW,5 °mph,0 °mph,29.60 °in,0.0 °in,Fair
"Madison, NH",12/30/2024,11:51 PM,40 °F,38 °F,93 °%,SSW,6 °mph,0 °mph,29.60 °in,0.0 °in,Fair
"Solvang, CA",12/30/2024,12:53 AM,50 °F,48 °F,93 °%,NNW,3 °mph,0 °mph,30.06 °in,0.0 °in,Fair
"Solvang, CA",12/30/2024,1:53 AM,47 °F,46 °F,97 °%,WNW,3 °mph,0 °mph,30.06 °in,0.0 °in,Fair
"Solvang, CA",12/30/2024,2:53 AM,47 °F,46 °F,97 °%,CALM,0 °mph,0 °mph,30.05 °in,0.0 °in,Fair
"Solvang, CA",12/30/2024,3:25 AM,48 °F,47 °F,96 °%,CALM,0 °mph,0 °mph,30.04 °in,0.0 °in,Partly Cloudy
"Solvang, CA",12/30/2024,3:34 AM,44 °F,44 °F,100 °%,CALM,0 °mph,0 °mph,30.04 °in,0.0 °in,Mostly Cloudy
"Solvang, CA",12/30/2024,3:44 AM,45 °F,44 °F,97 °%,NE,5 °mph,0 °mph,30.04 °in,0.0 °in,Cloudy
"Solvang, CA",12/30/2024,3:53 AM,48 °F,46 °F,93 °%,NE,3 °mph,0 °mph,30.03 °in,0.0 °in,Cloudy
"Solvang, CA",12/30/2024,4:07 AM,48 °F,47 °F,96 °%,CALM,0 °mph,0 °mph,30.03 °in,0.0 °in,Mist
"Solvang, CA",12/30/2024,4:16 AM,48 °F,48 °F,100 °%,CALM,0 °mph,0 °mph,30.03 °in,0.0 °in,Fog
"Solvang, CA",12/30/2024,4:53 AM,50 °F,49 °F,96 °%,NE,5 °mph,0 °mph,30.03 °in,0.0 °in,Fog
"Solvang, CA",12/30/2024,5:53 AM,51 °F,51 °F,100 °%,NNE,5 °mph,0 °mph,30.03 °in,0.0 °in,Fog
"Solvang, CA",12/30/2024,6:53 AM,51 °F,50 °F,96 °%,N,3 °mph,0 °mph,30.04 °in,0.0 °in,Fog
"Solvang, CA",12/30/2024,7:53 AM,53 °F,52 °F,96 °%,NE,5 °mph,0 °mph,30.05 °in,0.0 °in,Mist
"Solvang, CA",12/30/2024,8:13 AM,53 °F,53 °F,100 °%,NNE,3 °mph,0 °mph,30.06 °in,0.0 °in,Mist
"Solvang, CA",12/30/2024,8:53 AM,54 °F,53 °F,97 °%,NNE,5 °mph,0 °mph,30.07 °in,0.0 °in,Mist
"Solvang, CA",12/30/2024,9:00 AM,54 °F,53 °F,97 °%,NE,5 °mph,0 °mph,30.07 °in,0.0 °in,Mist
"Solvang, CA",12/30/2024,9:53 AM,54 °F,52 °F,93 °%,CALM,0 °mph,0 °mph,30.08 °in,0.0 °in,Mist
"Solvang, CA",12/30/2024,10:53 AM,55 °F,52 °F,89 °%,SSE,3 °mph,0 °mph,30.07 °in,0.0 °in,Mist
"Solvang, CA",12/30/2024,11:53 AM,57 °F,52 °F,83 °%,SSE,8 °mph,0 °mph,30.03 °in,0.0 °in,Mostly Cloudy
"Solvang, CA",12/30/2024,12:53 PM,55 °F,52 °F,89 °%,VAR,5 °mph,0 °mph,30.02 °in,0.0 °in,Mostly Cloudy
"Solvang, CA",12/30/2024,1:53 PM,56 °F,52 °F,87 °%,SSE,7 °mph,0 °mph,30.00 °in,0.0 °in,Mostly Cloudy
"Solvang, CA",12/30/2024,2:38 PM,56 °F,52 °F,87 °%,WSW,5 °mph,0 °mph,29.99 °in,0.0 °in,Partly Cloudy
"Solvang, CA",12/30/2024,2:53 PM,57 °F,52 °F,83 °%,CALM,0 °mph,0 °mph,29.98 °in,0.0 °in,Haze
"Solvang, CA",12/30/2024,3:53 PM,53 °F,51 °F,93 °%,SE,6 °mph,0 °mph,29.98 °in,0.0 °in,Haze
"Solvang, CA",12/30/2024,4:11 PM,52 °F,52 °F,100 °%,SSE,7 °mph,0 °mph,29.98 °in,0.0 °in,Haze
"Solvang, CA",12/30/2024,4:24 PM,51 °F,51 °F,100 °%,SE,5 °mph,0 °mph,29.99 °in,0.0 °in,Fog
"Solvang, CA",12/30/2024,4:35 PM,51 °F,51 °F,100 °%,SE,5 °mph,0 °mph,29.99 °in,0.0 °in,Fog
"Solvang, CA",12/30/2024,4:53 PM,52 °F,51 °F,97 °%,SE,3 °mph,0 °mph,29.99 °in,0.0 °in,Fog
"Solvang, CA",12/30/2024,5:24 PM,52 °F,51 °F,97 °%,CALM,0 °mph,0 °mph,29.99 °in,0.0 °in,Fog
"Solvang, CA",12/30/2024,5:53 PM,52 °F,52 °F,100 °%,E,3 °mph,0 °mph,30.00 °in,0.0 °in,Mist
"Solvang, CA",12/30/2024,6:09 PM,52 °F,51 °F,97 °%,CALM,0 °mph,0 °mph,30.00 °in,0.0 °in,Fog
"Solvang, CA",12/30/2024,6:53 PM,52 °F,51 °F,97 °%,NE,5 °mph,0 °mph,30.00 °in,0.0 °in,Fog
"Solvang, CA",12/30/2024,7:53 PM,51 °F,51 °F,100 °%,SSE,3 °mph,0 °mph,30.01 °in,0.0 °in,Fog
"Solvang, CA",12/30/2024,8:53 PM,50 °F,50 °F,100 °%,SSE,3 °mph,0 °mph,30.01 °in,0.0 °in,Fog
"Solvang, CA",12/30/2024,9:53 PM,50 °F,50 °F,100 °%,CALM,0 °mph,0 °mph,30.01 °in,0.0 °in,Fog
"Solvang, CA",12/30/2024,10:53 PM,49 °F,49 °F,100 °%,NNW,5 °mph,0 °mph,30.01 °in,0.0 °in,Fog
"Solvang, CA",12/30/2024,11:00 PM,49 °F,49 °F,100 °%,NNW,5 °mph,0 °mph,30.01 °in,0.0 °in,Fog
"Solvang, CA",12/30/2024,11:53 PM,49 °F,48 °F,97 °%,CALM,0 °mph,0 °mph,30.00 °in,0.0 °in,Fog
"Avila Beach, CA",12/30/2024,12:56 AM,54 °F,49 °F,83 °%,NW,13 °mph,0 °mph,29.96 °in,0.0 °in,Fair
"Avila Beach, CA",12/30/2024,1:56 AM,55 °F,49 °F,80 °%,NNW,17 °mph,24 °mph,29.96 °in,0.0 °in,Fair
"Avila Beach, CA",12/30/2024,2:56 AM,55 °F,48 °F,77 °%,NNW,15 °mph,25 °mph,29.96 °in,0.0 °in,Fair
"Avila Beach, CA",12/30/2024,3:56 AM,54 °F,48 °F,80 °%,WNW,13 °mph,21 °mph,29.94 °in,0.0 °in,Fair
"Avila Beach, CA",12/30/2024,4:56 AM,55 °F,47 °F,74 °%,NNW,18 °mph,25 °mph,29.93 °in,0.0 °in,Fair
"Avila Beach, CA",12/30/2024,5:56 AM,53 °F,45 °F,74 °%,NNW,8 °mph,20 °mph,29.93 °in,0.0 °in,Fair
"Avila Beach, CA",12/30/2024,6:56 AM,52 °F,45 °F,77 °%,NW,23 °mph,0 °mph,29.93 °in,0.0 °in,Fair / Windy
"Avila Beach, CA",12/30/2024,7:56 AM,53 °F,46 °F,77 °%,NNW,15 °mph,21 °mph,29.94 °in,0.0 °in,Fair
"Avila Beach, CA",12/30/2024,8:56 AM,56 °F,45 °F,67 °%,NNW,16 °mph,20 °mph,29.94 °in,0.0 °in,Fair
"Avila Beach, CA",12/30/2024,9:56 AM,60 °F,46 °F,60 °%,NW,9 °mph,0 °mph,29.93 °in,0.0 °in,Fair
"Avila Beach, CA",12/30/2024,10:56 AM,64 °F,44 °F,48 °%,NE,9 °mph,0 °mph,29.91 °in,0.0 °in,Fair
"Avila Beach, CA",12/30/2024,11:56 AM,67 °F,45 °F,45 °%,N,9 °mph,0 °mph,29.88 °in,0.0 °in,Fair
"Avila Beach, CA",12/30/2024,12:56 PM,68 °F,42 °F,39 °%,VAR,6 °mph,0 °mph,29.84 °in,0.0 °in,Fair
"Avila Beach, CA",12/30/2024,1:56 PM,68 °F,42 °F,39 °%,N,9 °mph,0 °mph,29.84 °in,0.0 °in,Fair
"Avila Beach, CA",12/30/2024,2:56 PM,66 °F,43 °F,43 °%,NNE,10 °mph,20 °mph,29.83 °in,0.0 °in,Fair
"Avila Beach, CA",12/30/2024,3:56 PM,64 °F,43 °F,46 °%,N,8 °mph,20 °mph,29.83 °in,0.0 °in,Fair
"Avila Beach, CA",12/30/2024,4:56 PM,61 °F,43 °F,52 °%,VAR,6 °mph,0 °mph,29.83 °in,0.0 °in,Fair
"Avila Beach, CA",12/30/2024,5:56 PM,59 °F,40 °F,49 °%,VAR,7 °mph,0 °mph,29.84 °in,0.0 °in,Fair
"Avila Beach, CA",12/30/2024,6:56 PM,53 °F,41 °F,64 °%,SW,5 °mph,0 °mph,29.85 °in,0.0 °in,Fair
"Avila Beach, CA",12/30/2024,7:56 PM,52 °F,41 °F,66 °%,CALM,0 °mph,0 °mph,29.85 °in,0.0 °in,Fair
"Avila Beach, CA",12/30/2024,8:56 PM,49 °F,41 °F,74 °%,SSE,5 °mph,0 °mph,29.87 °in,0.0 °in,Fair
"Avila Beach, CA",12/30/2024,9:56 PM,51 °F,41 °F,68 °%,SSW,3 °mph,0 °mph,29.88 °in,0.0 °in,Fair
"Avila Beach, CA",12/30/2024,10:56 PM,52 °F,39 °F,61 °%,SW,5 °mph,0 °mph,29.87 °in,0.0 °in,Fair
"Avila Beach, CA",12/30/2024,11:56 PM,54 °F,39 °F,57 °%,SW,9 °mph,18 °mph,29.86 °in,0.0 °in,Fair
"Borrego Springs, CA",12/30/2024,12:53 AM,57 °F,37 °F,47 °%,WSW,3 °mph,0 °mph,29.50 °in,0.0 °in,Fair
"Borrego Springs, CA",12/30/2024,1:53 AM,55 °F,37 °F,51 °%,W,3 °mph,0 °mph,29.49 °in,0.0 °in,Fair
"Borrego Springs, CA",12/30/2024,2:53 AM,55 °F,36 °F,49 °%,CALM,0 °mph,0 °mph,29.48 °in,0.0 °in,Fair
"Borrego Springs, CA",12/30/2024,3:53 AM,54 °F,36 °F,51 °%,CALM,0 °mph,0 °mph,29.47 °in,0.0 °in,Fair
"Borrego Springs, CA",12/30/2024,4:53 AM,53 °F,36 °F,52 °%,CALM,0 °mph,0 °mph,29.47 °in,0.0 °in,Fair
"Borrego Springs, CA",12/30/2024,5:53 AM,52 °F,34 °F,50 °%,N,7 °mph,0 °mph,29.50 °in,0.0 °in,Fair
"Borrego Springs, CA",12/30/2024,6:53 AM,51 °F,35 °F,54 °%,CALM,0 °mph,0 °mph,29.51 °in,0.0 °in,Fair
"Borrego Springs, CA",12/30/2024,7:53 AM,55 °F,36 °F,49 °%,CALM,0 °mph,0 °mph,29.54 °in,0.0 °in,Fair
"Borrego Springs, CA",12/30/2024,8:53 AM,61 °F,38 °F,42 °%,CALM,0 °mph,0 °mph,29.57 °in,0.0 °in,Fair
"Borrego Springs, CA",12/30/2024,9:53 AM,66 °F,39 °F,37 °%,ESE,3 °mph,0 °mph,29.58 °in,0.0 °in,Fair
"Borrego Springs, CA",12/30/2024,10:53 AM,71 °F,39 °F,31 °%,CALM,0 °mph,0 °mph,29.58 °in,0.0 °in,Fair
"Borrego Springs, CA",12/30/2024,11:53 AM,75 °F,38 °F,26 °%,CALM,0 °mph,0 °mph,29.54 °in,0.0 °in,Fair
"Borrego Springs, CA",12/30/2024,12:53 PM,77 °F,37 °F,24 °%,WNW,3 °mph,0 °mph,29.51 °in,0.0 °in,Fair
"Borrego Springs, CA",12/30/2024,1:53 PM,77 °F,36 °F,23 °%,VAR,5 °mph,0 °mph,29.50 °in,0.0 °in,Fair
"Borrego Springs, CA",12/30/2024,2:53 PM,78 °F,36 °F,22 °%,VAR,5 °mph,0 °mph,29.49 °in,0.0 °in,Fair
"Borrego Springs, CA",12/30/2024,3:53 PM,77 °F,35 °F,22 °%,ESE,5 °mph,0 °mph,29.50 °in,0.0 °in,Fair
"Borrego Springs, CA",12/30/2024,4:53 PM,72 °F,37 °F,28 °%,CALM,0 °mph,0 °mph,29.50 °in,0.0 °in,Fair
"Borrego Springs, CA",12/30/2024,5:53 PM,69 °F,38 °F,32 °%,CALM,0 °mph,0 °mph,29.51 °in,0.0 °in,Fair
"Borrego Springs, CA",12/30/2024,6:53 PM,66 °F,37 °F,34 °%,NNW,6 °mph,0 °mph,29.51 °in,0.0 °in,Fair
"Borrego Springs, CA",12/30/2024,7:53 PM,61 °F,35 °F,38 °%,NNW,8 °mph,0 °mph,29.52 °in,0.0 °in,Fair
"Borrego Springs, CA",12/30/2024,8:53 PM,60 °F,35 °F,39 °%,NW,7 °mph,0 °mph,29.53 °in,0.0 °in,Fair
"Borrego Springs, CA",12/30/2024,9:53 PM,62 °F,34 °F,35 °%,NW,5 °mph,0 °mph,29.53 °in,0.0 °in,Fair
"Borrego Springs, CA",12/30/2024,10:53 PM,58 °F,36 °F,44 °%,NNW,7 °mph,0 °mph,29.53 °in,0.0 °in,Fair
"Borrego Springs, CA",12/30/2024,11:53 PM,55 °F,34 °F,45 °%,NNW,7 °mph,0 °mph,29.51 °in,0.0 °in,Fair
"Crescent, OR",12/30/2024,12:56 AM,30 °F,26 °F,85 °%,SSE,3 °mph,0 °mph,26.95 °in,0.0 °in,Fair
"Crescent, OR",12/30/2024,1:56 AM,30 °F,26 °F,85 °%,S,3 °mph,0 °mph,26.97 °in,0.0 °in,Cloudy
"Crescent, OR",12/30/2024,2:56 AM,30 °F,25 °F,82 °%,SE,7 °mph,0 °mph,26.97 °in,0.0 °in,Partly Cloudy
"Crescent, OR",12/30/2024,3:56 AM,32 °F,26 °F,79 °%,S,7 °mph,0 °mph,26.98 °in,0.0 °in,Cloudy
"Crescent, OR",12/30/2024,4:56 AM,33 °F,26 °F,75 °%,SSW,3 °mph,0 °mph,26.99 °in,0.0 °in,Partly Cloudy
"Crescent, OR",12/30/2024,5:56 AM,32 °F,26 °F,79 °%,ENE,3 °mph,0 °mph,27.01 °in,0.0 °in,Fair
"Crescent, OR",12/30/2024,6:56 AM,29 °F,24 °F,82 °%,S,6 °mph,0 °mph,27.03 °in,0.0 °in,Fair
"Crescent, OR",12/30/2024,7:56 AM,31 °F,25 °F,79 °%,S,7 °mph,0 °mph,27.04 °in,0.0 °in,Fair
"Crescent, OR",12/30/2024,8:56 AM,34 °F,26 °F,73 °%,SSE,5 °mph,0 °mph,27.07 °in,0.0 °in,Fair
"Crescent, OR",12/30/2024,9:56 AM,38 °F,27 °F,65 °%,S,5 °mph,0 °mph,27.08 °in,0.0 °in,Fair
"Crescent, OR",12/30/2024,10:56 AM,40 °F,25 °F,55 °%,SSW,8 °mph,0 °mph,27.08 °in,0.0 °in,Fair
"Crescent, OR",12/30/2024,11:56 AM,39 °F,25 °F,57 °%,SSW,7 °mph,0 °mph,27.07 °in,0.0 °in,Fair
"Crescent, OR",12/30/2024,12:56 PM,40 °F,26 °F,58 °%,CALM,0 °mph,0 °mph,27.06 °in,0.0 °in,Fair
"Crescent, OR",12/30/2024,1:56 PM,41 °F,24 °F,51 °%,CALM,0 °mph,0 °mph,27.05 °in,0.0 °in,Fair
"Crescent, OR",12/30/2024,2:56 PM,42 °F,24 °F,49 °%,CALM,0 °mph,0 °mph,27.06 °in,0.0 °in,Fair
"Crescent, OR",12/30/2024,3:56 PM,40 °F,24 °F,53 °%,NNE,5 °mph,0 °mph,27.06 °in,0.0 °in,Fair
"Crescent, OR",12/30/2024,4:56 PM,36 °F,25 °F,64 °%,NNE,5 °mph,0 °mph,27.06 °in,0.0 °in,Fair
"Crescent, OR",12/30/2024,5:56 PM,31 °F,25 °F,79 °%,CALM,0 °mph,0 °mph,27.05 °in,0.0 °in,Fair
"Crescent, OR",12/30/2024,6:56 PM,28 °F,24 °F,85 °%,CALM,0 °mph,0 °mph,27.06 °in,0.0 °in,Fair
"Crescent, OR",12/30/2024,7:56 PM,26 °F,23 °F,88 °%,SSE,3 °mph,0 °mph,27.06 °in,0.0 °in,Fair
"Crescent, OR",12/30/2024,8:56 PM,27 °F,23 °F,85 °%,S,3 °mph,0 °mph,27.05 °in,0.0 °in,Fair
"Crescent, OR",12/30/2024,9:56 PM,24 °F,21 °F,88 °%,S,5 °mph,0 °mph,27.07 °in,0.0 °in,Fair
"Crescent, OR",12/30/2024,10:56 PM,25 °F,21 °F,85 °%,S,6 °mph,0 °mph,27.07 °in,0.0 °in,Fair
"Crescent, OR",12/30/2024,11:56 PM,26 °F,21 °F,81 °%,CALM,0 °mph,0 °mph,27.07 °in,0.0 °in,Fair
"Grand Lake, CO",12/29/2024,12:15 AM,37 °F,25 °F,60 °%,ENE,9 °mph,0 °mph,24.32 °in,0.0 °in,Fair
"Grand Lake, CO",12/29/2024,12:35 AM,37 °F,27 °F,65 °%,E,6 °mph,0 °mph,24.32 °in,0.0 °in,Fair
"Grand Lake, CO",12/29/2024,12:55 AM,37 °F,27 °F,65 °%,SE,7 °mph,0 °mph,24.32 °in,0.0 °in,Partly Cloudy
"Grand Lake, CO",12/29/2024,1:15 AM,37 °F,27 °F,65 °%,CALM,0 °mph,0 °mph,24.32 °in,0.0 °in,Mostly Cloudy
"Grand Lake, CO",12/29/2024,1:35 AM,37 °F,27 °F,65 °%,S,3 °mph,0 °mph,24.32 °in,0.0 °in,Mostly Cloudy
"Grand Lake, CO",12/29/2024,1:55 AM,37 °F,27 °F,65 °%,SSE,6 °mph,0 °mph,24.33 °in,0.0 °in,Partly Cloudy
"Grand Lake, CO",12/29/2024,2:15 AM,37 °F,27 °F,65 °%,SSE,3 °mph,0 °mph,24.33 °in,0.0 °in,Mostly Cloudy
"Grand Lake, CO",12/29/2024,2:35 AM,37 °F,27 °F,65 °%,WSW,7 °mph,0 °mph,24.35 °in,0.0 °in,Mostly Cloudy
"Grand Lake, CO",12/29/2024,2:55 AM,37 °F,27 °F,65 °%,SSE,7 °mph,0 °mph,24.33 °in,0.0 °in,Mostly Cloudy
"Grand Lake, CO",12/29/2024,3:15 AM,36 °F,27 °F,70 °%,W,5 °mph,0 °mph,24.34 °in,0.0 °in,Partly Cloudy
"Grand Lake, CO",12/29/2024,3:35 AM,36 °F,27 °F,70 °%,WNW,6 °mph,0 °mph,24.34 °in,0.0 °in,Fair
"Grand Lake, CO",12/29/2024,3:55 AM,36 °F,27 °F,70 °%,SSW,3 °mph,0 °mph,24.34 °in,0.0 °in,Partly Cloudy
"Grand Lake, CO",12/29/2024,4:15 AM,37 °F,27 °F,65 °%,S,3 °mph,0 °mph,24.33 °in,0.0 °in,Fair
"Grand Lake, CO",12/29/2024,4:35 AM,37 °F,27 °F,65 °%,S,10 °mph,16 °mph,24.33 °in,0.0 °in,Partly Cloudy
"Grand Lake, CO",12/29/2024,4:55 AM,37 °F,27 °F,65 °%,S,13 °mph,16 °mph,24.32 °in,0.0 °in,Partly Cloudy
"Grand Lake, CO",12/29/2024,5:15 AM,36 °F,27 °F,70 °%,SSW,12 °mph,0 °mph,24.33 °in,0.0 °in,Fair
"Grand Lake, CO",12/29/2024,5:35 AM,36 °F,27 °F,70 °%,S,5 °mph,0 °mph,24.32 °in,0.0 °in,Fair
"Grand Lake, CO",12/29/2024,5:45 AM,36 °F,27 °F,70 °%,S,10 °mph,0 °mph,24.32 °in,0.0 °in,Fair
"Grand Lake, CO",12/29/2024,6:45 AM,36 °F,27 °F,70 °%,S,9 °mph,18 °mph,24.32 °in,0.0 °in,Partly Cloudy
"Grand Lake, CO",12/29/2024,7:45 AM,34 °F,25 °F,70 °%,SSW,3 °mph,12 °mph,24.33 °in,0.0 °in,Partly Cloudy
"Grand Lake, CO",12/29/2024,8:45 AM,39 °F,27 °F,61 °%,NE,6 °mph,0 °mph,24.32 °in,0.0 °in,Partly Cloudy
"Grand Lake, CO",12/29/2024,9:49 AM,45 °F,28 °F,53 °%,S,5 °mph,0 °mph,24.31 °in,0.0 °in,Partly Cloudy
"Grand Lake, CO",12/29/2024,10:45 AM,52 °F,27 °F,38 °%,SE,12 °mph,0 °mph,24.28 °in,0.0 °in,Partly Cloudy
"Grand Lake, CO",12/29/2024,11:45 AM,54 °F,27 °F,35 °%,SE,8 °mph,0 °mph,24.24 °in,0.0 °in,Partly Cloudy
"Grand Lake, CO",12/29/2024,12:45 PM,54 °F,27 °F,35 °%,S,6 °mph,0 °mph,24.21 °in,0.0 °in,Partly Cloudy
"Grand Lake, CO",12/29/2024,1:52 PM,54 °F,27 °F,35 °%,S,3 °mph,0 °mph,24.18 °in,0.0 °in,Mostly Cloudy
"Grand Lake, CO",12/29/2024,2:50 PM,55 °F,30 °F,38 °%,ENE,7 °mph,0 °mph,24.16 °in,0.0 °in,Mostly Cloudy
"Grand Lake, CO",12/29/2024,3:45 PM,52 °F,28 °F,41 °%,E,8 °mph,0 °mph,24.15 °in,0.0 °in,Mostly Cloudy
"Grand Lake, CO",12/29/2024,4:47 PM,50 °F,27 °F,40 °%,E,6 °mph,0 °mph,24.12 °in,0.0 °in,Fair
"Grand Lake, CO",12/29/2024,5:50 PM,48 °F,23 °F,37 °%,NE,6 °mph,0 °mph,24.08 °in,0.0 °in,Fair
"Grand Lake, CO",12/29/2024,6:50 PM,46 °F,21 °F,37 °%,N,3 °mph,0 °mph,24.07 °in,0.0 °in,Fair
"Grand Lake, CO",12/29/2024,7:50 PM,48 °F,18 °F,30 °%,CALM,0 °mph,0 °mph,24.04 °in,0.0 °in,Fair
"Grand Lake, CO",12/29/2024,8:58 PM,48 °F,19 °F,32 °%,N,15 °mph,0 °mph,24.04 °in,0.0 °in,Fair
"Grand Lake, CO",12/29/2024,9:55 PM,50 °F,27 °F,40 °%,NW,7 °mph,0 °mph,24.05 °in,0.0 °in,Fair
"Grand Lake, CO",12/29/2024,10:15 PM,50 °F,28 °F,43 °%,WSW,16 °mph,0 °mph,24.04 °in,0.0 °in,Partly Cloudy
"Grand Lake, CO",12/29/2024,10:35 PM,48 °F,28 °F,46 °%,NW,8 °mph,0 °mph,24.04 °in,0.0 °in,Partly Cloudy
"Grand Lake, CO",12/29/2024,10:55 PM,50 °F,27 °F,40 °%,NW,5 °mph,0 °mph,24.04 °in,0.0 °in,Fair
"Grand Lake, CO",12/29/2024,11:15 PM,48 °F,27 °F,43 °%,W,12 °mph,20 °mph,24.05 °in,0.0 °in,Partly Cloudy
"Grand Lake, CO",12/29/2024,11:35 PM,48 °F,30 °F,50 °%,W,25 °mph,31 °mph,24.05 °in,0.0 °in,Fair / Windy
"Grand Lake, CO",12/29/2024,11:55 PM,46 °F,32 °F,57 °%,W,24 °mph,35 °mph,24.04 °in,0.0 °in,Fair / Windy
"Buellton, CA",12/29/2024,12:46 AM,44 °F,44 °F,100 °%,WNW,3 °mph,0 °mph,30.08 °in,0.0 °in,Mist
"Buellton, CA",12/29/2024,12:53 AM,45 °F,44 °F,97 °%,NW,3 °mph,0 °mph,30.08 °in,0.0 °in,Fair
"Buellton, CA",12/29/2024,1:53 AM,46 °F,45 °F,96 °%,CALM,0 °mph,0 °mph,30.09 °in,0.0 °in,Fair
"Buellton, CA",12/29/2024,2:34 AM,44 °F,43 °F,96 °%,CALM,0 °mph,0 °mph,30.09 °in,0.0 °in,Partly Cloudy
"Buellton, CA",12/29/2024,2:42 AM,45 °F,44 °F,97 °%,N,3 °mph,0 °mph,30.09 °in,0.0 °in,Mist
"Buellton, CA",12/29/2024,2:48 AM,45 °F,43 °F,93 °%,N,5 °mph,0 °mph,30.09 °in,0.0 °in,Mist
"Buellton, CA",12/29/2024,2:49 AM,44 °F,43 °F,96 °%,N,5 °mph,0 °mph,30.09 °in,0.0 °in,Mist
"Buellton, CA",12/29/2024,3:10 AM,45 °F,45 °F,100 °%,CALM,0 °mph,0 °mph,30.09 °in,0.0 °in,Mist
"Buellton, CA",12/29/2024,3:25 AM,46 °F,46 °F,100 °%,CALM,0 °mph,0 °mph,30.09 °in,0.0 °in,Fog
"Buellton, CA",12/29/2024,3:39 AM,47 °F,47 °F,100 °%,CALM,0 °mph,0 °mph,30.09 °in,0.0 °in,Fog
"Buellton, CA",12/29/2024,3:53 AM,47 °F,47 °F,100 °%,CALM,0 °mph,0 °mph,30.08 °in,0.0 °in,Fog
"Buellton, CA",12/29/2024,4:53 AM,50 °F,50 °F,100 °%,CALM,0 °mph,0 °mph,30.09 °in,0.0 °in,Fog
"Buellton, CA",12/29/2024,5:53 AM,50 °F,50 °F,100 °%,CALM,0 °mph,0 °mph,30.09 °in,0.0 °in,Fog
"Buellton, CA",12/29/2024,6:53 AM,51 °F,50 °F,96 °%,NW,5 °mph,0 °mph,30.11 °in,0.0 °in,Fog
"Buellton, CA",12/29/2024,7:07 AM,51 °F,50 °F,96 °%,NW,3 °mph,0 °mph,30.12 °in,0.0 °in,Fog
"Buellton, CA",12/29/2024,7:53 AM,51 °F,50 °F,96 °%,NNW,3 °mph,0 °mph,30.12 °in,0.0 °in,Fog
"Buellton, CA",12/29/2024,8:53 AM,52 °F,52 °F,100 °%,CALM,0 °mph,0 °mph,30.13 °in,0.0 °in,Fog
"Buellton, CA",12/29/2024,9:53 AM,53 °F,53 °F,100 °%,W,3 °mph,0 °mph,30.16 °in,0.0 °in,Fog
"Buellton, CA",12/29/2024,10:53 AM,55 °F,54 °F,96 °%,VAR,3 °mph,0 °mph,30.14 °in,0.0 °in,Mist
"Buellton, CA",12/29/2024,11:30 AM,58 °F,55 °F,90 °%,SSW,5 °mph,0 °mph,30.12 °in,0.0 °in,Mostly Cloudy
"Buellton, CA",12/29/2024,11:46 AM,57 °F,54 °F,89 °%,VAR,3 °mph,0 °mph,30.12 °in,0.0 °in,Fair
"Buellton, CA",12/29/2024,11:53 AM,58 °F,54 °F,87 °%,ESE,5 °mph,0 °mph,30.11 °in,0.0 °in,Fair
"Buellton, CA",12/29/2024,12:53 PM,62 °F,54 °F,75 °%,SSE,5 °mph,0 °mph,30.07 °in,0.0 °in,Fair
"Buellton, CA",12/29/2024,1:53 PM,73 °F,51 °F,46 °%,W,14 °mph,24 °mph,30.05 °in,0.0 °in,Fair
"Buellton, CA",12/29/2024,2:53 PM,73 °F,52 °F,48 °%,WNW,10 °mph,26 °mph,30.03 °in,0.0 °in,Fair
"Buellton, CA",12/29/2024,3:53 PM,68 °F,52 °F,56 °%,WSW,21 °mph,31 °mph,30.04 °in,0.0 °in,Fair / Windy
"Buellton, CA",12/29/2024,4:53 PM,65 °F,53 °F,65 °%,WSW,23 °mph,30 °mph,30.05 °in,0.0 °in,Fair / Windy
"Buellton, CA",12/29/2024,5:53 PM,64 °F,53 °F,67 °%,W,13 °mph,23 °mph,30.06 °in,0.0 °in,Fair
"Buellton, CA",12/29/2024,6:53 PM,62 °F,54 °F,75 °%,W,13 °mph,23 °mph,30.07 °in,0.0 °in,Fair
"Buellton, CA",12/29/2024,7:53 PM,57 °F,52 °F,83 °%,NW,6 °mph,0 °mph,30.07 °in,0.0 °in,Fair
"Buellton, CA",12/29/2024,8:53 PM,56 °F,51 °F,84 °%,W,7 °mph,0 °mph,30.08 °in,0.0 °in,Fair
"Buellton, CA",12/29/2024,9:53 PM,57 °F,51 °F,81 °%,CALM,0 °mph,0 °mph,30.07 °in,0.0 °in,Fair
"Buellton, CA",12/29/2024,10:53 PM,55 °F,50 °F,83 °%,SSW,5 °mph,0 °mph,30.07 °in,0.0 °in,Fair
"Buellton, CA",12/29/2024,11:53 PM,49 °F,47 °F,93 °%,CALM,0 °mph,0 °mph,30.06 °in,0.0 °in,Fair
"Kilauea, HI",12/29/2024,12:53 AM,75 °F,75 °F,100 °%,ENE,21 °mph,0 °mph,29.97 °in,0.0 °in,Cloudy / Windy
"Kilauea, HI",12/29/2024,1:53 AM,74 °F,0 °F,0 °%,NE,20 °mph,28 °mph,29.96 °in,0.0 °in,Cloudy
"Kilauea, HI",12/29/2024,2:07 AM,74 °F,74 °F,100 °%,ENE,20 °mph,0 °mph,29.95 °in,0.0 °in,Mostly Cloudy
"Kilauea, HI",12/29/2024,2:53 AM,74 °F,74 °F,100 °%,ENE,18 °mph,0 °mph,29.95 °in,0.0 °in,Cloudy
"Kilauea, HI",12/29/2024,3:53 AM,74 °F,74 °F,100 °%,NNE,18 °mph,0 °mph,29.94 °in,0.0 °in,Mostly Cloudy
"Kilauea, HI",12/29/2024,4:09 AM,72 °F,72 °F,100 °%,ENE,17 °mph,28 °mph,29.94 °in,0.0 °in,Light Rain
"Kilauea, HI",12/29/2024,4:35 AM,71 °F,0 °F,0 °%,ENE,20 °mph,25 °mph,29.94 °in,0.0 °in,Light Rain
"Kilauea, HI",12/29/2024,4:44 AM,71 °F,0 °F,0 °%,NE,22 °mph,0 °mph,29.94 °in,0.0 °in,Cloudy / Windy
"Kilauea, HI",12/29/2024,4:53 AM,70 °F,0 °F,0 °%,NNE,17 °mph,28 °mph,29.94 °in,0.0 °in,Cloudy
"Kilauea, HI",12/29/2024,5:53 AM,72 °F,64 °F,76 °%,NE,18 °mph,0 °mph,29.94 °in,0.0 °in,Mostly Cloudy
"Kilauea, HI",12/29/2024,6:53 AM,72 °F,64 °F,76 °%,NNE,16 °mph,0 °mph,29.96 °in,0.0 °in,Cloudy
"Kilauea, HI",12/29/2024,7:53 AM,73 °F,66 °F,79 °%,NE,20 °mph,0 °mph,29.98 °in,0.0 °in,Mostly Cloudy
"Kilauea, HI",12/29/2024,8:53 AM,75 °F,64 °F,69 °%,NE,22 °mph,0 °mph,29.99 °in,0.0 °in,Mostly Cloudy / Windy
"Kilauea, HI",12/29/2024,9:53 AM,77 °F,64 °F,64 °%,NE,21 °mph,0 °mph,30.00 °in,0.0 °in,Fair / Windy
"Kilauea, HI",12/29/2024,10:53 AM,79 °F,76 °F,90 °%,NE,20 °mph,0 °mph,29.97 °in,0.0 °in,Partly Cloudy
"Kilauea, HI",12/29/2024,11:53 AM,79 °F,64 °F,60 °%,NE,17 °mph,0 °mph,29.96 °in,0.0 °in,Cloudy
"Kilauea, HI",12/29/2024,12:53 PM,76 °F,64 °F,67 °%,NNE,18 °mph,0 °mph,29.95 °in,0.0 °in,Cloudy
"Kilauea, HI",12/29/2024,1:53 PM,80 °F,77 °F,90 °%,NE,17 °mph,0 °mph,29.92 °in,0.0 °in,Mostly Cloudy
"Kilauea, HI",12/29/2024,2:20 PM,75 °F,66 °F,73 °%,ENE,22 °mph,30 °mph,29.91 °in,0.0 °in,Light Rain / Windy
"Kilauea, HI",12/29/2024,2:38 PM,75 °F,66 °F,73 °%,NE,15 °mph,25 °mph,29.91 °in,0.0 °in,Light Rain
"Kilauea, HI",12/29/2024,2:53 PM,75 °F,66 °F,73 °%,NNE,13 °mph,0 °mph,29.91 °in,0.0 °in,Cloudy
"Kilauea, HI",12/29/2024,3:53 PM,73 °F,66 °F,79 °%,NNE,14 °mph,0 °mph,29.91 °in,0.0 °in,Mostly Cloudy
"Kilauea, HI",12/29/2024,4:23 PM,74 °F,66 °F,76 °%,NNE,17 °mph,26 °mph,29.91 °in,0.0 °in,Mostly Cloudy
"Kilauea, HI",12/29/2024,4:53 PM,74 °F,66 °F,76 °%,N,13 °mph,0 °mph,29.92 °in,0.0 °in,Mostly Cloudy
"Kilauea, HI",12/29/2024,5:53 PM,74 °F,64 °F,71 °%,NE,15 °mph,0 °mph,29.94 °in,0.0 °in,Mostly Cloudy
"Kilauea, HI",12/29/2024,6:02 PM,74 °F,66 °F,76 °%,NE,21 °mph,28 °mph,29.94 °in,0.0 °in,Mostly Cloudy / Windy
"Kilauea, HI",12/29/2024,6:53 PM,74 °F,66 °F,76 °%,NE,16 °mph,0 °mph,29.96 °in,0.0 °in,Partly Cloudy
"Kilauea, HI",12/29/2024,7:17 PM,75 °F,75 °F,100 °%,NE,17 °mph,0 °mph,29.97 °in,0.0 °in,Cloudy
"Kilauea, HI",12/29/2024,7:28 PM,75 °F,66 °F,73 °%,NE,15 °mph,0 °mph,29.97 °in,0.0 °in,Mostly Cloudy
"Kilauea, HI",12/29/2024,7:53 PM,75 °F,66 °F,73 °%,ENE,16 °mph,0 °mph,29.97 °in,0.0 °in,Partly Cloudy
"Kilauea, HI",12/29/2024,8:26 PM,73 °F,0 °F,0 °%,NE,18 °mph,28 °mph,29.98 °in,0.0 °in,Light Rain
"Kilauea, HI",12/29/2024,8:33 PM,73 °F,66 °F,79 °%,NE,16 °mph,0 °mph,29.99 °in,0.0 °in,Light Rain
"Kilauea, HI",12/29/2024,8:40 PM,73 °F,66 °F,79 °%,NE,17 °mph,0 °mph,29.99 °in,0.0 °in,Cloudy
"Kilauea, HI",12/29/2024,8:53 PM,73 °F,66 °F,79 °%,NE,17 °mph,0 °mph,29.99 °in,0.0 °in,Mostly Cloudy
"Kilauea, HI",12/29/2024,9:53 PM,74 °F,66 °F,76 °%,NE,16 °mph,0 °mph,30.00 °in,0.0 °in,Mostly Cloudy
"Kilauea, HI",12/29/2024,10:53 PM,74 °F,66 °F,76 °%,ENE,18 °mph,28 °mph,29.99 °in,0.0 °in,Cloudy
"Kilauea, HI",12/29/2024,11:13 PM,73 °F,66 °F,79 °%,NE,15 °mph,0 °mph,29.99 °in,0.0 °in,Cloudy
"Kilauea, HI",12/29/2024,11:53 PM,73 °F,66 °F,79 °%,NE,14 °mph,0 °mph,29.99 °in,0.0 °in,Mostly Cloudy
"Honolulu, HI",12/29/2024,12:53 AM,75 °F,66 °F,73 °%,NE,9 °mph,0 °mph,30.10 °in,0.0 °in,Mostly Cloudy
"Honolulu, HI",12/29/2024,1:53 AM,72 °F,66 °F,81 °%,NE,8 °mph,0 °mph,30.09 °in,0.0 °in,Mostly Cloudy
"Honolulu, HI",12/29/2024,2:53 AM,72 °F,65 °F,78 °%,CALM,0 °mph,0 °mph,30.06 °in,0.0 °in,Partly Cloudy
"Honolulu, HI",12/29/2024,3:53 AM,73 °F,65 °F,76 °%,NE,8 °mph,0 °mph,30.06 °in,0.0 °in,Fair
"Honolulu, HI",12/29/2024,4:53 AM,72 °F,66 °F,81 °%,NW,5 °mph,0 °mph,30.07 °in,0.0 °in,Partly Cloudy
"Honolulu, HI",12/29/2024,5:53 AM,72 °F,66 °F,81 °%,NE,7 °mph,0 °mph,30.08 °in,0.0 °in,Partly Cloudy
"Honolulu, HI",12/29/2024,6:53 AM,71 °F,66 °F,84 °%,VAR,6 °mph,0 °mph,30.10 °in,0.0 °in,Mostly Cloudy
"Honolulu, HI",12/29/2024,7:53 AM,72 °F,67 °F,84 °%,E,6 °mph,0 °mph,30.10 °in,0.0 °in,Mostly Cloudy
"Honolulu, HI",12/29/2024,8:53 AM,76 °F,67 °F,74 °%,VAR,7 °mph,17 °mph,30.12 °in,0.0 °in,Partly Cloudy
"Honolulu, HI",12/29/2024,9:53 AM,78 °F,68 °F,71 °%,N,8 °mph,0 °mph,30.13 °in,0.0 °in,Partly Cloudy
"Honolulu, HI",12/29/2024,10:53 AM,80 °F,67 °F,64 °%,NNE,13 °mph,0 °mph,30.10 °in,0.0 °in,Partly Cloudy
"Honolulu, HI",12/29/2024,11:53 AM,82 °F,66 °F,58 °%,ENE,15 °mph,23 °mph,30.08 °in,0.0 °in,Partly Cloudy
"Honolulu, HI",12/29/2024,12:53 PM,84 °F,65 °F,53 °%,ENE,17 °mph,25 °mph,30.06 °in,0.0 °in,Partly Cloudy
"Honolulu, HI",12/29/2024,1:53 PM,83 °F,65 °F,54 °%,ENE,15 °mph,28 °mph,30.02 °in,0.0 °in,Partly Cloudy
"Honolulu, HI",12/29/2024,2:53 PM,81 °F,65 °F,58 °%,VAR,5 °mph,0 °mph,30.02 °in,0.0 °in,Partly Cloudy
"Honolulu, HI",12/29/2024,3:53 PM,81 °F,66 °F,60 °%,ENE,12 °mph,24 °mph,30.02 °in,0.0 °in,Partly Cloudy
"Honolulu, HI",12/29/2024,4:53 PM,80 °F,65 °F,60 °%,ENE,16 °mph,0 °mph,30.04 °in,0.0 °in,Partly Cloudy
"Honolulu, HI",12/29/2024,5:53 PM,78 °F,65 °F,64 °%,E,15 °mph,0 °mph,30.07 °in,0.0 °in,Partly Cloudy
"Honolulu, HI",12/29/2024,6:53 PM,76 °F,65 °F,69 °%,NE,10 °mph,0 °mph,30.08 °in,0.0 °in,Fair
"Honolulu, HI",12/29/2024,7:53 PM,76 °F,66 °F,71 °%,NNE,15 °mph,0 °mph,30.10 °in,0.0 °in,Partly Cloudy
"Honolulu, HI",12/29/2024,8:53 PM,76 °F,65 °F,69 °%,NNE,7 °mph,0 °mph,30.12 °in,0.0 °in,Fair
"Honolulu, HI",12/29/2024,9:53 PM,76 °F,66 °F,71 °%,NE,10 °mph,0 °mph,30.12 °in,0.0 °in,Partly Cloudy
"Honolulu, HI",12/29/2024,10:53 PM,75 °F,66 °F,73 °%,NNE,8 °mph,0 °mph,30.13 °in,0.0 °in,Fair
"Honolulu, HI",12/29/2024,11:53 PM,74 °F,67 °F,79 °%,N,7 °mph,0 °mph,30.13 °in,0.0 °in,Partly Cloudy
"Madison, NH",12/29/2024,12:13 AM,33 °F,32 °F,96 °%,CALM,0 °mph,0 °mph,30.12 °in,0.0 °in,Cloudy
"Madison, NH",12/29/2024,12:36 AM,33 °F,31 °F,92 °%,CALM,0 °mph,0 °mph,30.12 °in,0.0 °in,Cloudy
"Madison, NH",12/29/2024,12:51 AM,33 °F,31 °F,92 °%,CALM,0 °mph,0 °mph,30.12 °in,0.0 °in,Cloudy
"Madison, NH",12/29/2024,1:51 AM,34 °F,29 °F,82 °%,CALM,0 °mph,0 °mph,30.13 °in,0.0 °in,Cloudy
"Madison, NH",12/29/2024,2:18 AM,34 °F,29 °F,82 °%,CALM,0 °mph,0 °mph,30.14 °in,0.0 °in,Cloudy
"Madison, NH",12/29/2024,2:28 AM,33 °F,28 °F,82 °%,CALM,0 °mph,0 °mph,30.13 °in,0.0 °in,Cloudy
"Madison, NH",12/29/2024,2:51 AM,33 °F,28 °F,82 °%,CALM,0 °mph,0 °mph,30.13 °in,0.0 °in,Cloudy
"Madison, NH",12/29/2024,3:51 AM,33 °F,29 °F,85 °%,CALM,0 °mph,0 °mph,30.12 °in,0.0 °in,Cloudy
"Madison, NH",12/29/2024,4:51 AM,33 °F,32 °F,96 °%,CALM,0 °mph,0 °mph,30.12 °in,0.0 °in,Mist
"Madison, NH",12/29/2024,5:27 AM,32 °F,31 °F,96 °%,W,3 °mph,0 °mph,30.12 °in,0.0 °in,Fog
"Madison, NH",12/29/2024,5:40 AM,32 °F,32 °F,100 °%,W,3 °mph,0 °mph,30.12 °in,0.0 °in,Fog
"Madison, NH",12/29/2024,5:51 AM,32 °F,32 °F,100 °%,CALM,0 °mph,0 °mph,30.12 °in,0.0 °in,Fog
"Madison, NH",12/29/2024,6:18 AM,32 °F,32 °F,100 °%,SW,5 °mph,0 °mph,30.12 °in,0.0 °in,Fog
"Madison, NH",12/29/2024,6:29 AM,32 °F,32 °F,100 °%,CALM,0 °mph,0 °mph,30.12 °in,0.0 °in,Fog
"Madison, NH",12/29/2024,6:39 AM,32 °F,32 °F,100 °%,CALM,0 °mph,0 °mph,30.12 °in,0.0 °in,Fog
"Madison, NH",12/29/2024,6:51 AM,32 °F,32 °F,100 °%,CALM,0 °mph,0 °mph,30.12 °in,0.0 °in,Fog
"Madison, NH",12/29/2024,7:34 AM,32 °F,32 °F,100 °%,CALM,0 °mph,0 °mph,30.12 °in,0.0 °in,Fog
"Madison, NH",12/29/2024,7:51 AM,32 °F,32 °F,100 °%,CALM,0 °mph,0 °mph,30.12 °in,0.0 °in,Fog
"Madison, NH",12/29/2024,8:51 AM,33 °F,33 °F,100 °%,CALM,0 °mph,0 °mph,30.12 °in,0.0 °in,Fog
"Madison, NH",12/29/2024,9:51 AM,33 °F,33 °F,100 °%,CALM,0 °mph,0 °mph,30.12 °in,0.0 °in,Fog
"Madison, NH",12/29/2024,10:11 AM,33 °F,33 °F,100 °%,CALM,0 °mph,0 °mph,30.11 °in,0.0 °in,Fog
"Madison, NH",12/29/2024,10:51 AM,34 °F,34 °F,100 °%,CALM,0 °mph,0 °mph,30.09 °in,0.0 °in,Fog
"Madison, NH",12/29/2024,11:18 AM,34 °F,34 °F,100 °%,S,3 °mph,0 °mph,30.08 °in,0.0 °in,Mist
"Madison, NH",12/29/2024,11:28 AM,35 °F,35 °F,100 °%,CALM,0 °mph,0 °mph,30.08 °in,0.0 °in,Fog
"Madison, NH",12/29/2024,11:51 AM,35 °F,35 °F,100 °%,CALM,0 °mph,0 °mph,30.07 °in,0.0 °in,Fog
"Madison, NH",12/29/2024,12:34 PM,37 °F,37 °F,100 °%,VAR,3 °mph,0 °mph,30.05 °in,0.0 °in,Mist
"Madison, NH",12/29/2024,12:37 PM,37 °F,37 °F,100 °%,SSE,3 °mph,0 °mph,30.05 °in,0.0 °in,Mist
"Madison, NH",12/29/2024,12:51 PM,37 °F,37 °F,100 °%,CALM,0 °mph,0 °mph,30.04 °in,0.0 °in,Mist
"Madison, NH",12/29/2024,1:51 PM,39 °F,39 °F,100 °%,CALM,0 °mph,0 °mph,30.03 °in,0.0 °in,Light Rain
"Madison, NH",12/29/2024,2:39 PM,37 °F,37 °F,100 °%,ENE,6 °mph,0 °mph,30.00 °in,0.0 °in,Light Rain
"Madison, NH",12/29/2024,2:51 PM,38 °F,38 °F,100 °%,E,3 °mph,0 °mph,30.00 °in,0.0 °in,Light Rain
"Madison, NH",12/29/2024,3:51 PM,37 °F,37 °F,100 °%,ENE,3 °mph,0 °mph,30.00 °in,0.0 °in,Light Rain
"Madison, NH",12/29/2024,4:51 PM,37 °F,37 °F,100 °%,CALM,0 °mph,0 °mph,29.99 °in,0.0 °in,Light Rain
"Madison, NH",12/29/2024,5:51 PM,37 °F,37 °F,100 °%,CALM,0 °mph,0 °mph,29.98 °in,0.0 °in,Mist
"Madison, NH",12/29/2024,6:51 PM,37 °F,37 °F,100 °%,NNE,3 °mph,0 °mph,29.95 °in,0.0 °in,Light Rain
"Madison, NH",12/29/2024,7:51 PM,37 °F,37 °F,100 °%,NE,3 °mph,0 °mph,29.92 °in,0.0 °in,Light Rain / Fog
"Madison, NH",12/29/2024,8:51 PM,37 °F,37 °F,100 °%,N,5 °mph,0 °mph,29.92 °in,0.0 °in,Light Rain / Fog
"Madison, NH",12/29/2024,8:58 PM,37 °F,37 °F,100 °%,N,5 °mph,0 °mph,29.92 °in,0.0 °in,Light Rain / Fog
"Madison, NH",12/29/2024,9:51 PM,37 °F,37 °F,100 °%,WNW,5 °mph,0 °mph,29.90 °in,0.0 °in,Light Rain / Fog
"Madison, NH",12/29/2024,10:51 PM,37 °F,37 °F,100 °%,CALM,0 °mph,0 °mph,29.88 °in,0.0 °in,Light Rain / Fog
"Madison, NH",12/29/2024,11:06 PM,37 °F,37 °F,100 °%,N,3 °mph,0 °mph,29.86 °in,0.0 °in,Light Rain / Fog
"Madison, NH",12/29/2024,11:51 PM,36 °F,36 °F,100 °%,WNW,3 °mph,0 °mph,29.84 °in,0.0 °in,Light Rain / Fog
"Solvang, CA",12/29/2024,12:46 AM,44 °F,44 °F,100 °%,WNW,3 °mph,0 °mph,30.08 °in,0.0 °in,Mist
"Solvang, CA",12/29/2024,12:53 AM,45 °F,44 °F,97 °%,NW,3 °mph,0 °mph,30.08 °in,0.0 °in,Fair
"Solvang, CA",12/29/2024,1:53 AM,46 °F,45 °F,96 °%,CALM,0 °mph,0 °mph,30.09 °in,0.0 °in,Fair
"Solvang, CA",12/29/2024,2:34 AM,44 °F,43 °F,96 °%,CALM,0 °mph,0 °mph,30.09 °in,0.0 °in,Partly Cloudy
"Solvang, CA",12/29/2024,2:42 AM,45 °F,44 °F,97 °%,N,3 °mph,0 °mph,30.09 °in,0.0 °in,Mist
"Solvang, CA",12/29/2024,2:48 AM,45 °F,43 °F,93 °%,N,5 °mph,0 °mph,30.09 °in,0.0 °in,Mist
"Solvang, CA",12/29/2024,2:49 AM,44 °F,43 °F,96 °%,N,5 °mph,0 °mph,30.09 °in,0.0 °in,Mist
"Solvang, CA",12/29/2024,3:10 AM,45 °F,45 °F,100 °%,CALM,0 °mph,0 °mph,30.09 °in,0.0 °in,Mist
"Solvang, CA",12/29/2024,3:25 AM,46 °F,46 °F,100 °%,CALM,0 °mph,0 °mph,30.09 °in,0.0 °in,Fog
"Solvang, CA",12/29/2024,3:39 AM,47 °F,47 °F,100 °%,CALM,0 °mph,0 °mph,30.09 °in,0.0 °in,Fog
"Solvang, CA",12/29/2024,3:53 AM,47 °F,47 °F,100 °%,CALM,0 °mph,0 °mph,30.08 °in,0.0 °in,Fog
"Solvang, CA",12/29/2024,4:53 AM,50 °F,50 °F,100 °%,CALM,0 °mph,0 °mph,30.09 °in,0.0 °in,Fog
"Solvang, CA",12/29/2024,5:53 AM,50 °F,50 °F,100 °%,CALM,0 °mph,0 °mph,30.09 °in,0.0 °in,Fog
"Solvang, CA",12/29/2024,6:53 AM,51 °F,50 °F,96 °%,NW,5 °mph,0 °mph,30.11 °in,0.0 °in,Fog
"Solvang, CA",12/29/2024,7:07 AM,51 °F,50 °F,96 °%,NW,3 °mph,0 °mph,30.12 °in,0.0 °in,Fog
"Solvang, CA",12/29/2024,7:53 AM,51 °F,50 °F,96 °%,NNW,3 °mph,0 °mph,30.12 °in,0.0 °in,Fog
"Solvang, CA",12/29/2024,8:53 AM,52 °F,52 °F,100 °%,CALM,0 °mph,0 °mph,30.13 °in,0.0 °in,Fog
"Solvang, CA",12/29/2024,9:53 AM,53 °F,53 °F,100 °%,W,3 °mph,0 °mph,30.16 °in,0.0 °in,Fog
"Solvang, CA",12/29/2024,10:53 AM,55 °F,54 °F,96 °%,VAR,3 °mph,0 °mph,30.14 °in,0.0 °in,Mist
"Solvang, CA",12/29/2024,11:30 AM,58 °F,55 °F,90 °%,SSW,5 °mph,0 °mph,30.12 °in,0.0 °in,Mostly Cloudy
"Solvang, CA",12/29/2024,11:46 AM,57 °F,54 °F,89 °%,VAR,3 °mph,0 °mph,30.12 °in,0.0 °in,Fair
"Solvang, CA",12/29/2024,11:53 AM,58 °F,54 °F,87 °%,ESE,5 °mph,0 °mph,30.11 °in,0.0 °in,Fair
"Solvang, CA",12/29/2024,12:53 PM,62 °F,54 °F,75 °%,SSE,5 °mph,0 °mph,30.07 °in,0.0 °in,Fair
"Solvang, CA",12/29/2024,1:53 PM,73 °F,51 °F,46 °%,W,14 °mph,24 °mph,30.05 °in,0.0 °in,Fair
"Solvang, CA",12/29/2024,2:53 PM,73 °F,52 °F,48 °%,WNW,10 °mph,26 °mph,30.03 °in,0.0 °in,Fair
"Solvang, CA",12/29/2024,3:53 PM,68 °F,52 °F,56 °%,WSW,21 °mph,31 °mph,30.04 °in,0.0 °in,Fair / Windy
"Solvang, CA",12/29/2024,4:53 PM,65 °F,53 °F,65 °%,WSW,23 °mph,30 °mph,30.05 °in,0.0 °in,Fair / Windy
"Solvang, CA",12/29/2024,5:53 PM,64 °F,53 °F,67 °%,W,13 °mph,23 °mph,30.06 °in,0.0 °in,Fair
"Solvang, CA",12/29/2024,6:53 PM,62 °F,54 °F,75 °%,W,13 °mph,23 °mph,30.07 °in,0.0 °in,Fair
"Solvang, CA",12/29/2024,7:53 PM,57 °F,52 °F,83 °%,NW,6 °mph,0 °mph,30.07 °in,0.0 °in,Fair
"Solvang, CA",12/29/2024,8:53 PM,56 °F,51 °F,84 °%,W,7 °mph,0 °mph,30.08 °in,0.0 °in,Fair
"Solvang, CA",12/29/2024,9:53 PM,57 °F,51 °F,81 °%,CALM,0 °mph,0 °mph,30.07 °in,0.0 °in,Fair
"Solvang, CA",12/29/2024,10:53 PM,55 °F,50 °F,83 °%,SSW,5 °mph,0 °mph,30.07 °in,0.0 °in,Fair
"Solvang, CA",12/29/2024,11:53 PM,49 °F,47 °F,93 °%,CALM,0 °mph,0 °mph,30.06 °in,0.0 °in,Fair
"Avila Beach, CA",12/29/2024,12:46 AM,51 °F,51 °F,100 °%,,0 °mph,0 °mph,29.94 °in,0.0 °in,Mist
"Avila Beach, CA",12/29/2024,12:56 AM,52 °F,52 °F,100 °%,NW,10 °mph,0 °mph,29.94 °in,0.0 °in,Fog
"Avila Beach, CA",12/29/2024,1:06 AM,52 °F,52 °F,100 °%,NW,10 °mph,0 °mph,29.94 °in,0.0 °in,Fog
"Avila Beach, CA",12/29/2024,1:21 AM,53 °F,53 °F,100 °%,NW,12 °mph,0 °mph,29.94 °in,0.0 °in,Mist
"Avila Beach, CA",12/29/2024,1:52 AM,52 °F,52 °F,100 °%,N,5 °mph,0 °mph,29.94 °in,0.0 °in,Mist
"Avila Beach, CA",12/29/2024,1:56 AM,51 °F,51 °F,100 °%,N,3 °mph,0 °mph,29.94 °in,0.0 °in,Mist
"Avila Beach, CA",12/29/2024,2:03 AM,51 °F,51 °F,100 °%,N,5 °mph,0 °mph,29.94 °in,0.0 °in,Mist
"Avila Beach, CA",12/29/2024,2:17 AM,51 °F,51 °F,100 °%,CALM,0 °mph,0 °mph,29.94 °in,0.0 °in,Mist
"Avila Beach, CA",12/29/2024,2:39 AM,51 °F,51 °F,100 °%,CALM,0 °mph,0 °mph,29.94 °in,0.0 °in,Mist
"Avila Beach, CA",12/29/2024,2:56 AM,51 °F,51 °F,100 °%,CALM,0 °mph,0 °mph,29.93 °in,0.0 °in,Fog
"Avila Beach, CA",12/29/2024,3:05 AM,50 °F,50 °F,100 °%,CALM,0 °mph,0 °mph,29.93 °in,0.0 °in,Fog
"Avila Beach, CA",12/29/2024,3:56 AM,50 °F,49 °F,96 °%,SE,3 °mph,0 °mph,29.94 °in,0.0 °in,Fog
"Avila Beach, CA",12/29/2024,4:21 AM,50 °F,49 °F,96 °%,CALM,0 °mph,0 °mph,29.93 °in,0.0 °in,Fog
"Avila Beach, CA",12/29/2024,4:47 AM,49 °F,49 °F,100 °%,ESE,5 °mph,0 °mph,29.92 °in,0.0 °in,Fog
"Avila Beach, CA",12/29/2024,4:56 AM,48 °F,48 °F,100 °%,E,5 °mph,0 °mph,29.92 °in,0.0 °in,Fog
"Avila Beach, CA",12/29/2024,5:12 AM,48 °F,48 °F,100 °%,CALM,0 °mph,0 °mph,29.93 °in,0.0 °in,Fog
"Avila Beach, CA",12/29/2024,5:24 AM,48 °F,48 °F,100 °%,CALM,0 °mph,0 °mph,29.93 °in,0.0 °in,Mist
"Avila Beach, CA",12/29/2024,5:41 AM,48 °F,47 °F,96 °%,CALM,0 °mph,0 °mph,29.93 °in,0.0 °in,Mist
"Avila Beach, CA",12/29/2024,5:54 AM,46 °F,46 °F,100 °%,SE,3 °mph,0 °mph,29.93 °in,0.0 °in,Fair
"Avila Beach, CA",12/29/2024,5:56 AM,47 °F,47 °F,100 °%,SE,5 °mph,0 °mph,29.93 °in,0.0 °in,Fair
"Avila Beach, CA",12/29/2024,6:56 AM,47 °F,46 °F,97 °%,ESE,3 °mph,0 °mph,29.94 °in,0.0 °in,Fair
"Avila Beach, CA",12/29/2024,7:43 AM,46 °F,46 °F,100 °%,CALM,0 °mph,0 °mph,29.95 °in,0.0 °in,Mist
"Avila Beach, CA",12/29/2024,7:45 AM,46 °F,46 °F,100 °%,CALM,0 °mph,0 °mph,29.95 °in,0.0 °in,Mist
"Avila Beach, CA",12/29/2024,7:56 AM,46 °F,46 °F,100 °%,CALM,0 °mph,0 °mph,29.96 °in,0.0 °in,Fog
"Avila Beach, CA",12/29/2024,8:11 AM,47 °F,47 °F,100 °%,CALM,0 °mph,0 °mph,29.96 °in,0.0 °in,Fair
"Avila Beach, CA",12/29/2024,8:56 AM,49 °F,49 °F,100 °%,SE,3 °mph,0 °mph,29.99 °in,0.0 °in,Cloudy
"Avila Beach, CA",12/29/2024,9:56 AM,56 °F,54 °F,93 °%,CALM,0 °mph,0 °mph,29.99 °in,0.0 °in,Cloudy
"Avila Beach, CA",12/29/2024,10:56 AM,61 °F,54 °F,78 °%,CALM,0 °mph,0 °mph,29.99 °in,0.0 °in,Mostly Cloudy
"Avila Beach, CA",12/29/2024,11:56 AM,63 °F,56 °F,78 °%,CALM,0 °mph,0 °mph,29.97 °in,0.0 °in,Mostly Cloudy
"Avila Beach, CA",12/29/2024,12:56 PM,63 °F,54 °F,72 °%,CALM,0 °mph,0 °mph,29.95 °in,0.0 °in,Cloudy
"Avila Beach, CA",12/29/2024,1:12 PM,64 °F,54 °F,70 °%,CALM,0 °mph,0 °mph,29.95 °in,0.0 °in,Cloudy
"Avila Beach, CA",12/29/2024,1:56 PM,61 °F,56 °F,83 °%,NNW,10 °mph,0 °mph,29.94 °in,0.0 °in,Cloudy
"Avila Beach, CA",12/29/2024,2:27 PM,59 °F,57 °F,93 °%,N,5 °mph,0 °mph,29.94 °in,0.0 °in,Light Rain
"Avila Beach, CA",12/29/2024,2:40 PM,59 °F,57 °F,93 °%,N,3 °mph,0 °mph,29.94 °in,0.0 °in,Light Rain
"Avila Beach, CA",12/29/2024,2:45 PM,59 °F,57 °F,93 °%,ENE,3 °mph,0 °mph,29.94 °in,0.0 °in,Light Rain
"Avila Beach, CA",12/29/2024,2:56 PM,59 °F,57 °F,93 °%,CALM,0 °mph,0 °mph,29.94 °in,0.0 °in,Light Rain
"Avila Beach, CA",12/29/2024,3:17 PM,58 °F,57 °F,97 °%,CALM,0 °mph,0 °mph,29.94 °in,0.0 °in,Cloudy
"Avila Beach, CA",12/29/2024,3:26 PM,59 °F,57 °F,93 °%,ESE,3 °mph,0 °mph,29.93 °in,0.0 °in,Light Rain
"Avila Beach, CA",12/29/2024,3:48 PM,59 °F,57 °F,93 °%,ESE,5 °mph,0 °mph,29.93 °in,0.0 °in,Cloudy
"Avila Beach, CA",12/29/2024,3:51 PM,57 °F,57 °F,100 °%,SE,5 °mph,0 °mph,29.93 °in,0.0 °in,Cloudy
"Avila Beach, CA",12/29/2024,3:56 PM,59 °F,57 °F,93 °%,ESE,6 °mph,0 °mph,29.93 °in,0.0 °in,Cloudy
"Avila Beach, CA",12/29/2024,4:56 PM,59 °F,57 °F,93 °%,CALM,0 °mph,0 °mph,29.93 °in,0.0 °in,Cloudy
"Avila Beach, CA",12/29/2024,5:22 PM,58 °F,57 °F,97 °%,WNW,3 °mph,0 °mph,29.93 °in,0.0 °in,Cloudy
"Avila Beach, CA",12/29/2024,5:27 PM,58 °F,57 °F,97 °%,CALM,0 °mph,0 °mph,29.93 °in,0.0 °in,Cloudy
"Avila Beach, CA",12/29/2024,5:35 PM,58 °F,57 °F,97 °%,CALM,0 °mph,0 °mph,29.94 °in,0.0 °in,Cloudy
"Avila Beach, CA",12/29/2024,5:56 PM,58 °F,57 °F,97 °%,CALM,0 °mph,0 °mph,29.94 °in,0.0 °in,Cloudy
"Avila Beach, CA",12/29/2024,6:10 PM,58 °F,57 °F,97 °%,CALM,0 °mph,0 °mph,29.94 °in,0.0 °in,Mostly Cloudy
"Avila Beach, CA",12/29/2024,6:27 PM,57 °F,56 °F,96 °%,WSW,3 °mph,0 °mph,29.94 °in,0.0 °in,Fair
"Avila Beach, CA",12/29/2024,6:38 PM,56 °F,56 °F,100 °%,CALM,0 °mph,0 °mph,29.94 °in,0.0 °in,Partly Cloudy
"Avila Beach, CA",12/29/2024,6:45 PM,57 °F,56 °F,96 °%,NW,3 °mph,0 °mph,29.95 °in,0.0 °in,Mist
"Avila Beach, CA",12/29/2024,6:56 PM,57 °F,56 °F,96 °%,NW,5 °mph,0 °mph,29.95 °in,0.0 °in,Cloudy
"Avila Beach, CA",12/29/2024,7:04 PM,57 °F,56 °F,96 °%,NW,3 °mph,0 °mph,29.95 °in,0.0 °in,Cloudy
"Avila Beach, CA",12/29/2024,7:49 PM,57 °F,57 °F,100 °%,NW,10 °mph,0 °mph,29.96 °in,0.0 °in,Cloudy
"Avila Beach, CA",12/29/2024,7:56 PM,57 °F,57 °F,100 °%,NW,12 °mph,0 °mph,29.96 °in,0.0 °in,Cloudy
"Avila Beach, CA",12/29/2024,8:12 PM,57 °F,57 °F,100 °%,NW,10 °mph,0 °mph,29.96 °in,0.0 °in,Mist
"Avila Beach, CA",12/29/2024,8:21 PM,57 °F,56 °F,96 °%,NW,10 °mph,0 °mph,29.96 °in,0.0 °in,Fog
"Avila Beach, CA",12/29/2024,8:40 PM,57 °F,56 °F,96 °%,NW,9 °mph,0 °mph,29.96 °in,0.0 °in,Mist
"Avila Beach, CA",12/29/2024,8:47 PM,57 °F,56 °F,96 °%,NNW,9 °mph,0 °mph,29.97 °in,0.0 °in,Mist
"Avila Beach, CA",12/29/2024,8:56 PM,57 °F,56 °F,96 °%,NW,9 °mph,0 °mph,29.97 °in,0.0 °in,Cloudy
"Avila Beach, CA",12/29/2024,9:26 PM,56 °F,55 °F,97 °%,NW,8 °mph,0 °mph,29.97 °in,0.0 °in,Cloudy
"Avila Beach, CA",12/29/2024,9:51 PM,55 °F,54 °F,94 °%,NW,9 °mph,0 °mph,29.97 °in,0.0 °in,Cloudy
"Avila Beach, CA",12/29/2024,9:56 PM,55 °F,54 °F,96 °%,NNW,8 °mph,0 °mph,29.99 °in,0.0 °in,Cloudy
"Avila Beach, CA",12/29/2024,10:38 PM,54 °F,53 °F,97 °%,WNW,6 °mph,0 °mph,29.97 °in,0.0 °in,Mostly Cloudy
"Avila Beach, CA",12/29/2024,10:51 PM,54 °F,54 °F,100 °%,WNW,6 °mph,0 °mph,29.97 °in,0.0 °in,Partly Cloudy
"Avila Beach, CA",12/29/2024,10:56 PM,54 °F,53 °F,97 °%,W,6 °mph,0 °mph,29.97 °in,0.0 °in,Partly Cloudy
"Avila Beach, CA",12/29/2024,11:17 PM,54 °F,53 °F,97 °%,WNW,7 °mph,0 °mph,29.97 °in,0.0 °in,Mostly Cloudy
"Avila Beach, CA",12/29/2024,11:42 PM,53 °F,52 °F,96 °%,WNW,6 °mph,0 °mph,29.97 °in,0.0 °in,Partly Cloudy
"Avila Beach, CA",12/29/2024,11:56 PM,53 °F,52 °F,96 °%,WNW,9 °mph,0 °mph,29.96 °in,0.0 °in,Fair
"Borrego Springs, CA",12/29/2024,12:53 AM,51 °F,34 °F,52 °%,N,6 °mph,0 °mph,29.61 °in,0.0 °in,Fair
"Borrego Springs, CA",12/29/2024,1:53 AM,52 °F,34 °F,50 °%,NNW,7 °mph,0 °mph,29.60 °in,0.0 °in,Fair
"Borrego Springs, CA",12/29/2024,2:53 AM,52 °F,34 °F,50 °%,NNW,7 °mph,0 °mph,29.60 °in,0.0 °in,Fair
"Borrego Springs, CA",12/29/2024,3:53 AM,51 °F,33 °F,50 °%,NNW,7 °mph,0 °mph,29.58 °in,0.0 °in,Fair
"Borrego Springs, CA",12/29/2024,4:53 AM,51 °F,33 °F,50 °%,NW,5 °mph,0 °mph,29.58 °in,0.0 °in,Fair
"Borrego Springs, CA",12/29/2024,5:53 AM,50 °F,33 °F,52 °%,NW,6 °mph,0 °mph,29.59 °in,0.0 °in,Fair
"Borrego Springs, CA",12/29/2024,6:53 AM,51 °F,34 °F,52 °%,WNW,3 °mph,0 °mph,29.60 °in,0.0 °in,Fair
"Borrego Springs, CA",12/29/2024,7:53 AM,52 °F,33 °F,49 °%,NNW,5 °mph,0 °mph,29.62 °in,0.0 °in,Fair
"Borrego Springs, CA",12/29/2024,8:53 AM,61 °F,35 °F,38 °%,CALM,0 °mph,0 °mph,29.64 °in,0.0 °in,Fair
"Borrego Springs, CA",12/29/2024,9:53 AM,67 °F,34 °F,30 °%,CALM,0 °mph,0 °mph,29.63 °in,0.0 °in,Fair
"Borrego Springs, CA",12/29/2024,10:53 AM,70 °F,33 °F,26 °%,CALM,0 °mph,0 °mph,29.62 °in,0.0 °in,Fair
"Borrego Springs, CA",12/29/2024,11:53 AM,74 °F,35 °F,24 °%,E,6 °mph,0 °mph,29.57 °in,0.0 °in,Fair
"Borrego Springs, CA",12/29/2024,12:53 PM,74 °F,37 °F,26 °%,ESE,7 °mph,0 °mph,29.53 °in,0.0 °in,Fair
"Borrego Springs, CA",12/29/2024,1:53 PM,76 °F,37 °F,24 °%,ESE,8 °mph,0 °mph,29.51 °in,0.0 °in,Fair
"Borrego Springs, CA",12/29/2024,2:53 PM,76 °F,38 °F,25 °%,E,9 °mph,0 °mph,29.51 °in,0.0 °in,Fair
"Borrego Springs, CA",12/29/2024,3:53 PM,74 °F,38 °F,27 °%,SE,7 °mph,0 °mph,29.50 °in,0.0 °in,Fair
"Borrego Springs, CA",12/29/2024,4:53 PM,68 °F,39 °F,35 °%,SE,6 °mph,0 °mph,29.50 °in,0.0 °in,Fair
"Borrego Springs, CA",12/29/2024,5:53 PM,66 °F,41 °F,40 °%,VAR,6 °mph,0 °mph,29.50 °in,0.0 °in,Fair
"Borrego Springs, CA",12/29/2024,6:53 PM,65 °F,41 °F,42 °%,VAR,6 °mph,0 °mph,29.51 °in,0.0 °in,Fair
"Borrego Springs, CA",12/29/2024,7:53 PM,59 °F,42 °F,53 °%,CALM,0 °mph,0 °mph,29.51 °in,0.0 °in,Fair
"Borrego Springs, CA",12/29/2024,8:53 PM,58 °F,39 °F,49 °%,W,3 °mph,0 °mph,29.51 °in,0.0 °in,Fair
"Borrego Springs, CA",12/29/2024,9:53 PM,58 °F,39 °F,49 °%,CALM,0 °mph,0 °mph,29.52 °in,0.0 °in,Fair
"Borrego Springs, CA",12/29/2024,10:53 PM,59 °F,38 °F,46 °%,W,3 °mph,0 °mph,29.51 °in,0.0 °in,Fair
"Borrego Springs, CA",12/29/2024,11:53 PM,55 °F,39 °F,55 °%,CALM,0 °mph,0 °mph,29.51 °in,0.0 °in,Fair
"Crescent, OR",12/29/2024,12:56 AM,35 °F,33 °F,92 °%,CALM,0 °mph,0 °mph,26.53 °in,0.1 °in,Light Rain
"Crescent, OR",12/29/2024,1:56 AM,36 °F,34 °F,93 °%,CALM,0 °mph,0 °mph,26.48 °in,0.1 °in,Light Rain
"Crescent, OR",12/29/2024,2:56 AM,38 °F,35 °F,89 °%,CALM,0 °mph,0 °mph,26.46 °in,0.0 °in,Cloudy
"Crescent, OR",12/29/2024,3:56 AM,41 °F,37 °F,86 °%,S,10 °mph,0 °mph,26.45 °in,0.0 °in,Partly Cloudy
"Crescent, OR",12/29/2024,4:56 AM,42 °F,37 °F,82 °%,W,7 °mph,0 °mph,26.50 °in,0.0 °in,Cloudy
"Crescent, OR",12/29/2024,5:56 AM,41 °F,36 °F,82 °%,SW,7 °mph,0 °mph,26.52 °in,0.0 °in,Cloudy
"Crescent, OR",12/29/2024,6:56 AM,41 °F,34 °F,76 °%,W,12 °mph,0 °mph,26.55 °in,0.0 °in,Cloudy
"Crescent, OR",12/29/2024,7:56 AM,40 °F,36 °F,86 °%,S,12 °mph,0 °mph,26.57 °in,0.0 °in,Light Rain
"Crescent, OR",12/29/2024,8:56 AM,40 °F,36 °F,86 °%,S,8 °mph,0 °mph,26.59 °in,0.0 °in,Mostly Cloudy
"Crescent, OR",12/29/2024,9:56 AM,42 °F,37 °F,82 °%,CALM,0 °mph,0 °mph,26.63 °in,0.0 °in,Cloudy
"Crescent, OR",12/29/2024,10:56 AM,45 °F,37 °F,74 °%,W,7 °mph,0 °mph,26.64 °in,0.0 °in,Light Rain
"Crescent, OR",12/29/2024,11:56 AM,44 °F,35 °F,71 °%,W,6 °mph,0 °mph,26.64 °in,0.0 °in,Partly Cloudy
"Crescent, OR",12/29/2024,12:56 PM,43 °F,33 °F,68 °%,WNW,18 °mph,33 °mph,26.66 °in,0.0 °in,Mostly Cloudy
"Crescent, OR",12/29/2024,1:56 PM,44 °F,33 °F,65 °%,W,16 °mph,29 °mph,26.68 °in,0.0 °in,Light Rain
"Crescent, OR",12/29/2024,2:56 PM,40 °F,32 °F,73 °%,VAR,3 °mph,0 °mph,26.72 °in,0.0 °in,Partly Cloudy
"Crescent, OR",12/29/2024,3:56 PM,39 °F,28 °F,65 °%,W,25 °mph,37 °mph,26.73 °in,0.0 °in,Fair / Windy
"Crescent, OR",12/29/2024,4:56 PM,36 °F,29 °F,76 °%,WSW,10 °mph,0 °mph,26.78 °in,0.0 °in,Fair
"Crescent, OR",12/29/2024,5:56 PM,34 °F,28 °F,79 °%,SSE,5 °mph,0 °mph,26.82 °in,0.0 °in,Fair
"Crescent, OR",12/29/2024,6:56 PM,34 °F,28 °F,79 °%,WSW,8 °mph,0 °mph,26.84 °in,0.0 °in,Mostly Cloudy
"Crescent, OR",12/29/2024,7:56 PM,36 °F,28 °F,73 °%,W,8 °mph,0 °mph,26.86 °in,0.0 °in,Mostly Cloudy
"Crescent, OR",12/29/2024,8:56 PM,34 °F,28 °F,79 °%,SSW,7 °mph,0 °mph,26.89 °in,0.0 °in,Cloudy
"Crescent, OR",12/29/2024,9:56 PM,33 °F,28 °F,82 °%,S,6 °mph,0 °mph,26.91 °in,0.0 °in,Mostly Cloudy
"Crescent, OR",12/29/2024,10:56 PM,31 °F,28 °F,89 °%,CALM,0 °mph,0 °mph,26.93 °in,0.0 °in,Mostly Cloudy
"Crescent, OR",12/29/2024,11:56 PM,30 °F,26 °F,85 °%,SE,6 °mph,0 °mph,26.94 °in,0.0 °in,Fair
"Buellton, CA",12/28/2024,12:33 AM,52 °F,51 °F,97 °%,CALM,0 °mph,0 °mph,30.07 °in,0.0 °in,Mist
"Buellton, CA",12/28/2024,12:35 AM,51 °F,50 °F,96 °%,NNW,3 °mph,0 °mph,30.07 °in,0.0 °in,Mist
"Buellton, CA",12/28/2024,12:53 AM,50 °F,50 °F,100 °%,CALM,0 °mph,0 °mph,30.06 °in,0.0 °in,Mist
"Buellton, CA",12/28/2024,1:01 AM,50 °F,50 °F,100 °%,CALM,0 °mph,0 °mph,30.06 °in,0.0 °in,Mist
"Buellton, CA",12/28/2024,1:14 AM,50 °F,49 °F,96 °%,WNW,3 °mph,0 °mph,30.06 °in,0.0 °in,Mist
"Buellton, CA",12/28/2024,1:19 AM,50 °F,49 °F,96 °%,CALM,0 °mph,0 °mph,30.06 °in,0.0 °in,Mist
"Buellton, CA",12/28/2024,1:27 AM,50 °F,50 °F,100 °%,CALM,0 °mph,0 °mph,30.06 °in,0.0 °in,Mist
"Buellton, CA",12/28/2024,1:42 AM,49 °F,49 °F,100 °%,CALM,0 °mph,0 °mph,30.07 °in,0.0 °in,Mist
"Buellton, CA",12/28/2024,1:44 AM,49 °F,49 °F,100 °%,CALM,0 °mph,0 °mph,30.07 °in,0.0 °in,Mist
"Buellton, CA",12/28/2024,1:53 AM,50 °F,49 °F,96 °%,CALM,0 °mph,0 °mph,30.06 °in,0.0 °in,Mist
"Buellton, CA",12/28/2024,2:03 AM,48 °F,48 °F,100 °%,SW,3 °mph,0 °mph,30.07 °in,0.0 °in,Mist
"Buellton, CA",12/28/2024,2:08 AM,50 °F,49 °F,96 °%,CALM,0 °mph,0 °mph,30.07 °in,0.0 °in,Mist
"Buellton, CA",12/28/2024,2:40 AM,50 °F,49 °F,96 °%,CALM,0 °mph,0 °mph,30.06 °in,0.0 °in,Cloudy
"Buellton, CA",12/28/2024,2:53 AM,50 °F,50 °F,100 °%,CALM,0 °mph,0 °mph,30.06 °in,0.0 °in,Cloudy
"Buellton, CA",12/28/2024,3:29 AM,52 °F,51 °F,97 °%,CALM,0 °mph,0 °mph,30.07 °in,0.0 °in,Mist
"Buellton, CA",12/28/2024,3:42 AM,52 °F,51 °F,97 °%,CALM,0 °mph,0 °mph,30.06 °in,0.0 °in,Fog
"Buellton, CA",12/28/2024,3:53 AM,52 °F,51 °F,97 °%,ENE,3 °mph,0 °mph,30.06 °in,0.0 °in,Mist
"Buellton, CA",12/28/2024,4:01 AM,52 °F,51 °F,97 °%,CALM,0 °mph,0 °mph,30.05 °in,0.0 °in,Mist
"Buellton, CA",12/28/2024,4:13 AM,52 °F,52 °F,100 °%,CALM,0 °mph,0 °mph,30.05 °in,0.0 °in,Fog
"Buellton, CA",12/28/2024,4:53 AM,53 °F,53 °F,100 °%,CALM,0 °mph,0 °mph,30.06 °in,0.0 °in,Fog
"Buellton, CA",12/28/2024,5:53 AM,54 °F,53 °F,97 °%,CALM,0 °mph,0 °mph,30.07 °in,0.0 °in,Fog
"Buellton, CA",12/28/2024,6:53 AM,53 °F,53 °F,100 °%,ENE,3 °mph,0 °mph,30.08 °in,0.0 °in,Fog
"Buellton, CA",12/28/2024,7:53 AM,53 °F,52 °F,96 °%,CALM,0 °mph,0 °mph,30.10 °in,0.0 °in,Fog
"Buellton, CA",12/28/2024,8:53 AM,53 °F,53 °F,100 °%,CALM,0 °mph,0 °mph,30.12 °in,0.0 °in,Mist
"Buellton, CA",12/28/2024,9:53 AM,54 °F,54 °F,100 °%,SSE,3 °mph,0 °mph,30.13 °in,0.0 °in,Mist
"Buellton, CA",12/28/2024,10:53 AM,54 °F,54 °F,100 °%,CALM,0 °mph,0 °mph,30.13 °in,0.0 °in,Mist
"Buellton, CA",12/28/2024,11:53 AM,54 °F,54 °F,100 °%,SE,3 °mph,0 °mph,30.10 °in,0.0 °in,Mist
"Buellton, CA",12/28/2024,12:53 PM,55 °F,54 °F,96 °%,SE,7 °mph,0 °mph,30.07 °in,0.0 °in,Mist
"Buellton, CA",12/28/2024,1:28 PM,56 °F,53 °F,90 °%,SSE,6 °mph,0 °mph,30.06 °in,0.0 °in,Partly Cloudy
"Buellton, CA",12/28/2024,1:53 PM,57 °F,53 °F,87 °%,SSE,5 °mph,0 °mph,30.05 °in,0.0 °in,Fair
"Buellton, CA",12/28/2024,2:53 PM,57 °F,53 °F,87 °%,SE,7 °mph,0 °mph,30.04 °in,0.0 °in,Fair
"Buellton, CA",12/28/2024,3:53 PM,56 °F,53 °F,90 °%,SE,7 °mph,0 °mph,30.04 °in,0.0 °in,Fair
"Buellton, CA",12/28/2024,4:53 PM,54 °F,53 °F,97 °%,ESE,7 °mph,0 °mph,30.04 °in,0.0 °in,Mist
"Buellton, CA",12/28/2024,5:31 PM,54 °F,53 °F,97 °%,E,3 °mph,0 °mph,30.05 °in,0.0 °in,Mostly Cloudy
"Buellton, CA",12/28/2024,5:53 PM,53 °F,53 °F,100 °%,CALM,0 °mph,0 °mph,30.05 °in,0.0 °in,Mist
"Buellton, CA",12/28/2024,6:18 PM,52 °F,52 °F,100 °%,CALM,0 °mph,0 °mph,30.05 °in,0.0 °in,Mist
"Buellton, CA",12/28/2024,6:53 PM,51 °F,51 °F,100 °%,CALM,0 °mph,0 °mph,30.06 °in,0.0 °in,Fog
"Buellton, CA",12/28/2024,7:53 PM,49 °F,49 °F,100 °%,NNW,6 °mph,0 °mph,30.07 °in,0.0 °in,Fog
"Buellton, CA",12/28/2024,8:53 PM,49 °F,49 °F,100 °%,CALM,0 °mph,0 °mph,30.06 °in,0.0 °in,Fog
"Buellton, CA",12/28/2024,9:53 PM,48 °F,48 °F,100 °%,WSW,3 °mph,0 °mph,30.07 °in,0.0 °in,Fog
"Buellton, CA",12/28/2024,9:58 PM,48 °F,48 °F,100 °%,W,3 °mph,0 °mph,30.07 °in,0.0 °in,Fog
"Buellton, CA",12/28/2024,10:26 PM,48 °F,47 °F,96 °%,CALM,0 °mph,0 °mph,30.08 °in,0.0 °in,Mist
"Buellton, CA",12/28/2024,10:53 PM,48 °F,48 °F,100 °%,CALM,0 °mph,0 °mph,30.09 °in,0.0 °in,Fair
"Buellton, CA",12/28/2024,11:16 PM,46 °F,45 °F,96 °%,CALM,0 °mph,0 °mph,30.08 °in,0.0 °in,Mist
"Buellton, CA",12/28/2024,11:24 PM,48 °F,48 °F,100 °%,E,3 °mph,0 °mph,30.08 °in,0.0 °in,Mist
"Buellton, CA",12/28/2024,11:53 PM,46 °F,46 °F,100 °%,CALM,0 °mph,0 °mph,30.08 °in,0.0 °in,Fair
"Kilauea, HI",12/28/2024,12:53 AM,69 °F,0 °F,0 °%,WNW,6 °mph,0 °mph,29.94 °in,0.0 °in,Fair
"Kilauea, HI",12/28/2024,1:53 AM,71 °F,0 °F,0 °%,N,6 °mph,0 °mph,29.93 °in,0.0 °in,Partly Cloudy
"Kilauea, HI",12/28/2024,2:09 AM,69 °F,0 °F,0 °%,NW,3 °mph,0 °mph,29.93 °in,0.0 °in,Mostly Cloudy
"Kilauea, HI",12/28/2024,2:18 AM,69 °F,0 °F,0 °%,NW,3 °mph,0 °mph,29.92 °in,0.0 °in,Fair
"Kilauea, HI",12/28/2024,2:53 AM,71 °F,0 °F,0 °%,N,6 °mph,0 °mph,29.92 °in,0.0 °in,Fair
"Kilauea, HI",12/28/2024,3:16 AM,71 °F,0 °F,0 °%,N,6 °mph,0 °mph,29.92 °in,0.0 °in,Mostly Cloudy
"Kilauea, HI",12/28/2024,3:53 AM,71 °F,0 °F,0 °%,N,6 °mph,0 °mph,29.91 °in,0.0 °in,Mostly Cloudy
"Kilauea, HI",12/28/2024,4:33 AM,73 °F,0 °F,0 °%,NNE,8 °mph,0 °mph,29.91 °in,0.0 °in,Mostly Cloudy
"Kilauea, HI",12/28/2024,4:53 AM,73 °F,0 °F,0 °%,N,10 °mph,0 °mph,29.91 °in,0.0 °in,Cloudy
"Kilauea, HI",12/28/2024,5:15 AM,73 °F,0 °F,0 °%,N,10 °mph,0 °mph,29.92 °in,0.0 °in,Cloudy
"Kilauea, HI",12/28/2024,5:23 AM,73 °F,0 °F,0 °%,N,9 °mph,0 °mph,29.92 °in,0.0 °in,Cloudy
"Kilauea, HI",12/28/2024,5:53 AM,73 °F,0 °F,0 °%,N,12 °mph,0 °mph,29.92 °in,0.0 °in,Cloudy
"Kilauea, HI",12/28/2024,6:53 AM,75 °F,66 °F,73 °%,NNE,13 °mph,20 °mph,29.94 °in,0.0 °in,Cloudy
"Kilauea, HI",12/28/2024,7:53 AM,75 °F,75 °F,100 °%,NE,17 °mph,0 °mph,29.97 °in,0.0 °in,Cloudy
"Kilauea, HI",12/28/2024,8:53 AM,77 °F,68 °F,74 °%,NNE,20 °mph,0 °mph,29.97 °in,0.0 °in,Cloudy
"Kilauea, HI",12/28/2024,9:53 AM,77 °F,77 °F,100 °%,NNE,18 °mph,0 °mph,29.99 °in,0.0 °in,Cloudy
"Kilauea, HI",12/28/2024,10:21 AM,78 °F,78 °F,100 °%,NNE,17 °mph,28 °mph,29.99 °in,0.0 °in,Funnel Cloud
"Kilauea, HI",12/28/2024,10:30 AM,77 °F,77 °F,100 °%,NNE,21 °mph,26 °mph,29.99 °in,0.0 °in,Funnel Cloud
"Kilauea, HI",12/28/2024,10:33 AM,77 °F,77 °F,100 °%,NE,22 °mph,26 °mph,29.99 °in,0.0 °in,Mostly Cloudy / Windy
"Kilauea, HI",12/28/2024,10:44 AM,77 °F,77 °F,100 °%,NE,20 °mph,0 °mph,29.98 °in,0.0 °in,Cloudy
"Kilauea, HI",12/28/2024,10:53 AM,79 °F,78 °F,97 °%,NE,22 °mph,29 °mph,29.98 °in,0.0 °in,Cloudy / Windy
"Kilauea, HI",12/28/2024,11:53 AM,72 °F,68 °F,87 °%,NNE,17 °mph,0 °mph,29.96 °in,0.1 °in,Cloudy
"Kilauea, HI",12/28/2024,12:17 PM,73 °F,66 °F,79 °%,NE,22 °mph,30 °mph,29.95 °in,0.0 °in,Light Rain / Windy
"Kilauea, HI",12/28/2024,12:53 PM,73 °F,66 °F,79 °%,NE,25 °mph,32 °mph,29.94 °in,0.0 °in,Mostly Cloudy / Windy
"Kilauea, HI",12/28/2024,1:20 PM,77 °F,77 °F,100 °%,NE,23 °mph,0 °mph,29.92 °in,0.0 °in,Mostly Cloudy / Windy
"Kilauea, HI",12/28/2024,1:53 PM,76 °F,76 °F,100 °%,NE,22 °mph,31 °mph,29.92 °in,0.0 °in,Mostly Cloudy / Windy
"Kilauea, HI",12/28/2024,2:53 PM,73 °F,66 °F,79 °%,N,17 °mph,0 °mph,29.91 °in,0.0 °in,Cloudy
"Kilauea, HI",12/28/2024,3:53 PM,76 °F,65 °F,69 °%,NNE,16 °mph,0 °mph,29.91 °in,0.0 °in,Fair
"Kilauea, HI",12/28/2024,4:41 PM,75 °F,75 °F,100 °%,NNE,17 °mph,0 °mph,29.91 °in,0.0 °in,Mostly Cloudy
"Kilauea, HI",12/28/2024,4:53 PM,75 °F,75 °F,100 °%,NE,25 °mph,30 °mph,29.92 °in,0.0 °in,Mostly Cloudy / Windy
"Kilauea, HI",12/28/2024,5:06 PM,75 °F,66 °F,73 °%,NE,23 °mph,31 °mph,29.92 °in,0.0 °in,Cloudy / Windy
"Kilauea, HI",12/28/2024,5:33 PM,75 °F,66 °F,73 °%,NE,18 °mph,29 °mph,29.93 °in,0.0 °in,Light Rain
"Kilauea, HI",12/28/2024,5:40 PM,75 °F,66 °F,73 °%,NE,24 °mph,30 °mph,29.93 °in,0.0 °in,Light Rain / Windy
"Kilauea, HI",12/28/2024,5:53 PM,75 °F,66 °F,73 °%,NE,20 °mph,31 °mph,29.93 °in,0.0 °in,Cloudy
"Kilauea, HI",12/28/2024,6:53 PM,74 °F,66 °F,76 °%,ENE,9 °mph,0 °mph,29.95 °in,0.0 °in,Cloudy
"Kilauea, HI",12/28/2024,7:53 PM,73 °F,66 °F,79 °%,NE,21 °mph,31 °mph,29.97 °in,0.0 °in,Cloudy / Windy
"Kilauea, HI",12/28/2024,8:25 PM,74 °F,66 °F,76 °%,ENE,20 °mph,0 °mph,29.97 °in,0.0 °in,Cloudy
"Kilauea, HI",12/28/2024,8:34 PM,74 °F,66 °F,76 °%,ENE,18 °mph,0 °mph,29.98 °in,0.0 °in,Cloudy
"Kilauea, HI",12/28/2024,8:53 PM,74 °F,66 °F,76 °%,NNE,21 °mph,30 °mph,29.98 °in,0.0 °in,Mostly Cloudy / Windy
"Kilauea, HI",12/28/2024,9:53 PM,73 °F,66 °F,79 °%,NNE,20 °mph,0 °mph,30.00 °in,0.0 °in,Light Rain
"Kilauea, HI",12/28/2024,10:53 PM,72 °F,66 °F,81 °%,NE,21 °mph,0 °mph,30.00 °in,0.0 °in,Partly Cloudy / Windy
"Kilauea, HI",12/28/2024,11:53 PM,74 °F,64 °F,71 °%,NE,20 °mph,28 °mph,29.98 °in,0.0 °in,Fair
"Honolulu, HI",12/28/2024,12:53 AM,74 °F,65 °F,73 °%,NE,8 °mph,0 °mph,30.10 °in,0.0 °in,Mostly Cloudy
"Honolulu, HI",12/28/2024,1:53 AM,72 °F,65 °F,78 °%,CALM,0 °mph,0 °mph,30.09 °in,0.0 °in,Fair
"Honolulu, HI",12/28/2024,2:53 AM,72 °F,66 °F,81 °%,ESE,3 °mph,0 °mph,30.07 °in,0.0 °in,Mostly Cloudy
"Honolulu, HI",12/28/2024,3:53 AM,69 °F,64 °F,84 °%,N,3 °mph,0 °mph,30.05 °in,0.0 °in,Fair
"Honolulu, HI",12/28/2024,4:53 AM,70 °F,65 °F,84 °%,N,5 °mph,0 °mph,30.05 °in,0.0 °in,Fair
"Honolulu, HI",12/28/2024,5:53 AM,68 °F,64 °F,87 °%,CALM,0 °mph,0 °mph,30.06 °in,0.0 °in,Fair
"Honolulu, HI",12/28/2024,6:53 AM,70 °F,65 °F,84 °%,N,6 °mph,0 °mph,30.09 °in,0.0 °in,Partly Cloudy
"Honolulu, HI",12/28/2024,7:53 AM,71 °F,65 °F,81 °%,NNW,5 °mph,0 °mph,30.10 °in,0.0 °in,Fair
"Honolulu, HI",12/28/2024,8:53 AM,74 °F,66 °F,76 °%,VAR,5 °mph,0 °mph,30.12 °in,0.0 °in,Partly Cloudy
"Honolulu, HI",12/28/2024,9:53 AM,78 °F,65 °F,64 °%,NE,7 °mph,0 °mph,30.12 °in,0.0 °in,Partly Cloudy
"Honolulu, HI",12/28/2024,10:53 AM,80 °F,64 °F,58 °%,NE,10 °mph,0 °mph,30.11 °in,0.0 °in,Mostly Cloudy
"Honolulu, HI",12/28/2024,11:53 AM,82 °F,65 °F,56 °%,NNE,9 °mph,0 °mph,30.09 °in,0.0 °in,Mostly Cloudy
"Honolulu, HI",12/28/2024,12:53 PM,82 °F,64 °F,54 °%,NNE,12 °mph,0 °mph,30.06 °in,0.0 °in,Mostly Cloudy
"Honolulu, HI",12/28/2024,1:53 PM,81 °F,64 °F,56 °%,NE,12 °mph,0 °mph,30.03 °in,0.0 °in,Mostly Cloudy
"Honolulu, HI",12/28/2024,2:53 PM,78 °F,64 °F,62 °%,NE,15 °mph,0 °mph,30.04 °in,0.0 °in,Mostly Cloudy
"Honolulu, HI",12/28/2024,3:53 PM,81 °F,63 °F,54 °%,E,10 °mph,0 °mph,30.03 °in,0.0 °in,Partly Cloudy
"Honolulu, HI",12/28/2024,4:53 PM,80 °F,63 °F,56 °%,NE,15 °mph,25 °mph,30.04 °in,0.0 °in,Partly Cloudy
"Honolulu, HI",12/28/2024,5:53 PM,78 °F,64 °F,62 °%,NE,10 °mph,0 °mph,30.05 °in,0.0 °in,Fair
"Honolulu, HI",12/28/2024,6:53 PM,77 °F,65 °F,66 °%,NE,9 °mph,0 °mph,30.07 °in,0.0 °in,Mostly Cloudy
"Honolulu, HI",12/28/2024,7:53 PM,76 °F,64 °F,67 °%,NE,8 °mph,0 °mph,30.09 °in,0.0 °in,Partly Cloudy
"Honolulu, HI",12/28/2024,8:53 PM,76 °F,64 °F,67 °%,ENE,9 °mph,0 °mph,30.11 °in,0.0 °in,Partly Cloudy
"Honolulu, HI",12/28/2024,9:53 PM,76 °F,64 °F,67 °%,NE,9 °mph,0 °mph,30.12 °in,0.0 °in,Partly Cloudy
"Honolulu, HI",12/28/2024,10:53 PM,76 °F,64 °F,67 °%,ENE,13 °mph,0 °mph,30.12 °in,0.0 °in,Partly Cloudy
"Honolulu, HI",12/28/2024,11:53 PM,75 °F,65 °F,71 °%,NE,9 °mph,0 °mph,30.12 °in,0.0 °in,Mostly Cloudy
"Madison, NH",12/28/2024,12:51 AM,23 °F,22 °F,96 °%,WNW,5 °mph,0 °mph,30.22 °in,0.0 °in,Fair
"Madison, NH",12/28/2024,1:51 AM,24 °F,22 °F,91 °%,NW,3 °mph,0 °mph,30.23 °in,0.0 °in,Fair
"Madison, NH",12/28/2024,2:51 AM,24 °F,22 °F,91 °%,CALM,0 °mph,0 °mph,30.22 °in,0.0 °in,Fair
"Madison, NH",12/28/2024,3:51 AM,24 °F,22 °F,91 °%,WNW,3 °mph,0 °mph,30.20 °in,0.0 °in,Fair
"Madison, NH",12/28/2024,4:51 AM,25 °F,22 °F,88 °%,N,3 °mph,0 °mph,30.20 °in,0.0 °in,Mostly Cloudy
"Madison, NH",12/28/2024,5:51 AM,24 °F,20 °F,84 °%,NW,3 °mph,0 °mph,30.21 °in,0.0 °in,Mostly Cloudy
"Madison, NH",12/28/2024,6:51 AM,25 °F,21 °F,85 °%,WNW,3 °mph,0 °mph,30.21 °in,0.0 °in,Mostly Cloudy
"Madison, NH",12/28/2024,7:51 AM,26 °F,22 °F,84 °%,CALM,0 °mph,0 °mph,30.22 °in,0.0 °in,Cloudy
"Madison, NH",12/28/2024,8:51 AM,28 °F,22 °F,78 °%,N,5 °mph,0 °mph,30.22 °in,0.0 °in,Cloudy
"Madison, NH",12/28/2024,9:51 AM,29 °F,21 °F,72 °%,CALM,0 °mph,0 °mph,30.23 °in,0.0 °in,Cloudy
"Madison, NH",12/28/2024,10:26 AM,30 °F,22 °F,72 °%,CALM,0 °mph,0 °mph,30.22 °in,0.0 °in,Cloudy
"Madison, NH",12/28/2024,10:51 AM,30 °F,21 °F,69 °%,CALM,0 °mph,0 °mph,30.22 °in,0.0 °in,Cloudy
"Madison, NH",12/28/2024,11:51 AM,32 °F,23 °F,69 °%,CALM,0 °mph,0 °mph,30.18 °in,0.0 °in,Cloudy
"Madison, NH",12/28/2024,12:51 PM,34 °F,24 °F,67 °%,CALM,0 °mph,0 °mph,30.17 °in,0.0 °in,Cloudy
"Madison, NH",12/28/2024,1:51 PM,34 °F,24 °F,67 °%,CALM,0 °mph,0 °mph,30.17 °in,0.0 °in,Cloudy
"Madison, NH",12/28/2024,2:01 PM,34 °F,24 °F,67 °%,CALM,0 °mph,0 °mph,30.17 °in,0.0 °in,Cloudy
"Madison, NH",12/28/2024,2:51 PM,34 °F,25 °F,70 °%,E,3 °mph,0 °mph,30.16 °in,0.0 °in,Cloudy
"Madison, NH",12/28/2024,3:51 PM,34 °F,26 °F,73 °%,CALM,0 °mph,0 °mph,30.16 °in,0.0 °in,Cloudy
"Madison, NH",12/28/2024,4:31 PM,34 °F,27 °F,75 °%,CALM,0 °mph,0 °mph,30.16 °in,0.0 °in,Cloudy
"Madison, NH",12/28/2024,4:51 PM,34 °F,27 °F,75 °%,CALM,0 °mph,0 °mph,30.15 °in,0.0 °in,Cloudy
"Madison, NH",12/28/2024,5:24 PM,34 °F,27 °F,75 °%,CALM,0 °mph,0 °mph,30.15 °in,0.0 °in,Cloudy
"Madison, NH",12/28/2024,5:51 PM,34 °F,27 °F,75 °%,CALM,0 °mph,0 °mph,30.15 °in,0.0 °in,Cloudy
"Madison, NH",12/28/2024,6:11 PM,34 °F,27 °F,75 °%,CALM,0 °mph,0 °mph,30.16 °in,0.0 °in,Cloudy
"Madison, NH",12/28/2024,6:51 PM,34 °F,27 °F,75 °%,CALM,0 °mph,0 °mph,30.17 °in,0.0 °in,Cloudy
"Madison, NH",12/28/2024,7:51 PM,34 °F,27 °F,75 °%,CALM,0 °mph,0 °mph,30.15 °in,0.0 °in,Cloudy
"Madison, NH",12/28/2024,8:51 PM,34 °F,26 °F,73 °%,CALM,0 °mph,0 °mph,30.13 °in,0.0 °in,Cloudy
"Madison, NH",12/28/2024,9:51 PM,34 °F,27 °F,75 °%,CALM,0 °mph,0 °mph,30.14 °in,0.0 °in,Cloudy
"Madison, NH",12/28/2024,10:51 PM,34 °F,30 °F,85 °%,CALM,0 °mph,0 °mph,30.13 °in,0.0 °in,Cloudy
"Madison, NH",12/28/2024,11:51 PM,33 °F,32 °F,96 °%,CALM,0 °mph,0 °mph,30.12 °in,0.0 °in,Cloudy
"Solvang, CA",12/28/2024,12:33 AM,52 °F,51 °F,97 °%,CALM,0 °mph,0 °mph,30.07 °in,0.0 °in,Mist
"Solvang, CA",12/28/2024,12:35 AM,51 °F,50 °F,96 °%,NNW,3 °mph,0 °mph,30.07 °in,0.0 °in,Mist
"Solvang, CA",12/28/2024,12:53 AM,50 °F,50 °F,100 °%,CALM,0 °mph,0 °mph,30.06 °in,0.0 °in,Mist
"Solvang, CA",12/28/2024,1:01 AM,50 °F,50 °F,100 °%,CALM,0 °mph,0 °mph,30.06 °in,0.0 °in,Mist
"Solvang, CA",12/28/2024,1:14 AM,50 °F,49 °F,96 °%,WNW,3 °mph,0 °mph,30.06 °in,0.0 °in,Mist
"Solvang, CA",12/28/2024,1:19 AM,50 °F,49 °F,96 °%,CALM,0 °mph,0 °mph,30.06 °in,0.0 °in,Mist
"Solvang, CA",12/28/2024,1:27 AM,50 °F,50 °F,100 °%,CALM,0 °mph,0 °mph,30.06 °in,0.0 °in,Mist
"Solvang, CA",12/28/2024,1:42 AM,49 °F,49 °F,100 °%,CALM,0 °mph,0 °mph,30.07 °in,0.0 °in,Mist
"Solvang, CA",12/28/2024,1:44 AM,49 °F,49 °F,100 °%,CALM,0 °mph,0 °mph,30.07 °in,0.0 °in,Mist
"Solvang, CA",12/28/2024,1:53 AM,50 °F,49 °F,96 °%,CALM,0 °mph,0 °mph,30.06 °in,0.0 °in,Mist
"Solvang, CA",12/28/2024,2:03 AM,48 °F,48 °F,100 °%,SW,3 °mph,0 °mph,30.07 °in,0.0 °in,Mist
"Solvang, CA",12/28/2024,2:08 AM,50 °F,49 °F,96 °%,CALM,0 °mph,0 °mph,30.07 °in,0.0 °in,Mist
"Solvang, CA",12/28/2024,2:40 AM,50 °F,49 °F,96 °%,CALM,0 °mph,0 °mph,30.06 °in,0.0 °in,Cloudy
"Solvang, CA",12/28/2024,2:53 AM,50 °F,50 °F,100 °%,CALM,0 °mph,0 °mph,30.06 °in,0.0 °in,Cloudy
"Solvang, CA",12/28/2024,3:29 AM,52 °F,51 °F,97 °%,CALM,0 °mph,0 °mph,30.07 °in,0.0 °in,Mist
"Solvang, CA",12/28/2024,3:42 AM,52 °F,51 °F,97 °%,CALM,0 °mph,0 °mph,30.06 °in,0.0 °in,Fog
"Solvang, CA",12/28/2024,3:53 AM,52 °F,51 °F,97 °%,ENE,3 °mph,0 °mph,30.06 °in,0.0 °in,Mist
"Solvang, CA",12/28/2024,4:01 AM,52 °F,51 °F,97 °%,CALM,0 °mph,0 °mph,30.05 °in,0.0 °in,Mist
"Solvang, CA",12/28/2024,4:13 AM,52 °F,52 °F,100 °%,CALM,0 °mph,0 °mph,30.05 °in,0.0 °in,Fog
"Solvang, CA",12/28/2024,4:53 AM,53 °F,53 °F,100 °%,CALM,0 °mph,0 °mph,30.06 °in,0.0 °in,Fog
"Solvang, CA",12/28/2024,5:53 AM,54 °F,53 °F,97 °%,CALM,0 °mph,0 °mph,30.07 °in,0.0 °in,Fog
"Solvang, CA",12/28/2024,6:53 AM,53 °F,53 °F,100 °%,ENE,3 °mph,0 °mph,30.08 °in,0.0 °in,Fog
"Solvang, CA",12/28/2024,7:53 AM,53 °F,52 °F,96 °%,CALM,0 °mph,0 °mph,30.10 °in,0.0 °in,Fog
"Solvang, CA",12/28/2024,8:53 AM,53 °F,53 °F,100 °%,CALM,0 °mph,0 °mph,30.12 °in,0.0 °in,Mist
"Solvang, CA",12/28/2024,9:53 AM,54 °F,54 °F,100 °%,SSE,3 °mph,0 °mph,30.13 °in,0.0 °in,Mist
"Solvang, CA",12/28/2024,10:53 AM,54 °F,54 °F,100 °%,CALM,0 °mph,0 °mph,30.13 °in,0.0 °in,Mist
"Solvang, CA",12/28/2024,11:53 AM,54 °F,54 °F,100 °%,SE,3 °mph,0 °mph,30.10 °in,0.0 °in,Mist
"Solvang, CA",12/28/2024,12:53 PM,55 °F,54 °F,96 °%,SE,7 °mph,0 °mph,30.07 °in,0.0 °in,Mist
"Solvang, CA",12/28/2024,1:28 PM,56 °F,53 °F,90 °%,SSE,6 °mph,0 °mph,30.06 °in,0.0 °in,Partly Cloudy
"Solvang, CA",12/28/2024,1:53 PM,57 °F,53 °F,87 °%,SSE,5 °mph,0 °mph,30.05 °in,0.0 °in,Fair
"Solvang, CA",12/28/2024,2:53 PM,57 °F,53 °F,87 °%,SE,7 °mph,0 °mph,30.04 °in,0.0 °in,Fair
"Solvang, CA",12/28/2024,3:53 PM,56 °F,53 °F,90 °%,SE,7 °mph,0 °mph,30.04 °in,0.0 °in,Fair
"Solvang, CA",12/28/2024,4:53 PM,54 °F,53 °F,97 °%,ESE,7 °mph,0 °mph,30.04 °in,0.0 °in,Mist
"Solvang, CA",12/28/2024,5:31 PM,54 °F,53 °F,97 °%,E,3 °mph,0 °mph,30.05 °in,0.0 °in,Mostly Cloudy
"Solvang, CA",12/28/2024,5:53 PM,53 °F,53 °F,100 °%,CALM,0 °mph,0 °mph,30.05 °in,0.0 °in,Mist
"Solvang, CA",12/28/2024,6:18 PM,52 °F,52 °F,100 °%,CALM,0 °mph,0 °mph,30.05 °in,0.0 °in,Mist
"Solvang, CA",12/28/2024,6:53 PM,51 °F,51 °F,100 °%,CALM,0 °mph,0 °mph,30.06 °in,0.0 °in,Fog
"Solvang, CA",12/28/2024,7:53 PM,49 °F,49 °F,100 °%,NNW,6 °mph,0 °mph,30.07 °in,0.0 °in,Fog
"Solvang, CA",12/28/2024,8:53 PM,49 °F,49 °F,100 °%,CALM,0 °mph,0 °mph,30.06 °in,0.0 °in,Fog
"Solvang, CA",12/28/2024,9:53 PM,48 °F,48 °F,100 °%,WSW,3 °mph,0 °mph,30.07 °in,0.0 °in,Fog
"Solvang, CA",12/28/2024,9:58 PM,48 °F,48 °F,100 °%,W,3 °mph,0 °mph,30.07 °in,0.0 °in,Fog
"Solvang, CA",12/28/2024,10:26 PM,48 °F,47 °F,96 °%,CALM,0 °mph,0 °mph,30.08 °in,0.0 °in,Mist
"Solvang, CA",12/28/2024,10:53 PM,48 °F,48 °F,100 °%,CALM,0 °mph,0 °mph,30.09 °in,0.0 °in,Fair
"Solvang, CA",12/28/2024,11:16 PM,46 °F,45 °F,96 °%,CALM,0 °mph,0 °mph,30.08 °in,0.0 °in,Mist
"Solvang, CA",12/28/2024,11:24 PM,48 °F,48 °F,100 °%,E,3 °mph,0 °mph,30.08 °in,0.0 °in,Mist
"Solvang, CA",12/28/2024,11:53 PM,46 °F,46 °F,100 °%,CALM,0 °mph,0 °mph,30.08 °in,0.0 °in,Fair
"Avila Beach, CA",12/28/2024,12:02 AM,53 °F,53 °F,100 °%,CALM,0 °mph,0 °mph,29.93 °in,0.0 °in,Mist
"Avila Beach, CA",12/28/2024,12:10 AM,53 °F,53 °F,100 °%,WNW,6 °mph,0 °mph,29.93 °in,0.0 °in,Cloudy
"Avila Beach, CA",12/28/2024,12:19 AM,53 °F,53 °F,100 °%,W,3 °mph,0 °mph,29.92 °in,0.0 °in,Mist
"Avila Beach, CA",12/28/2024,12:32 AM,53 °F,53 °F,100 °%,W,3 °mph,0 °mph,29.92 °in,0.0 °in,Fog
"Avila Beach, CA",12/28/2024,12:47 AM,53 °F,52 °F,96 °%,CALM,0 °mph,0 °mph,29.92 °in,0.0 °in,Fog
"Avila Beach, CA",12/28/2024,12:56 AM,53 °F,52 °F,96 °%,CALM,0 °mph,0 °mph,29.92 °in,0.0 °in,Fog
"Avila Beach, CA",12/28/2024,1:56 AM,51 °F,51 °F,100 °%,CALM,0 °mph,0 °mph,29.91 °in,0.0 °in,Fog
"Avila Beach, CA",12/28/2024,2:56 AM,50 °F,50 °F,100 °%,CALM,0 °mph,0 °mph,29.92 °in,0.0 °in,Fog
"Avila Beach, CA",12/28/2024,3:09 AM,50 °F,50 °F,100 °%,CALM,0 °mph,0 °mph,29.91 °in,0.0 °in,Mist
"Avila Beach, CA",12/28/2024,3:14 AM,50 °F,50 °F,100 °%,CALM,0 °mph,0 °mph,29.91 °in,0.0 °in,Mist
"Avila Beach, CA",12/28/2024,3:22 AM,49 °F,49 °F,100 °%,ESE,5 °mph,0 °mph,29.91 °in,0.0 °in,Partly Cloudy
"Avila Beach, CA",12/28/2024,3:56 AM,49 °F,48 °F,97 °%,CALM,0 °mph,0 °mph,29.91 °in,0.0 °in,Fair
"Avila Beach, CA",12/28/2024,4:09 AM,49 °F,48 °F,97 °%,CALM,0 °mph,0 °mph,29.91 °in,0.0 °in,Fair
"Avila Beach, CA",12/28/2024,4:27 AM,48 °F,48 °F,100 °%,ESE,5 °mph,0 °mph,29.91 °in,0.0 °in,Mist
"Avila Beach, CA",12/28/2024,4:34 AM,49 °F,48 °F,97 °%,SSE,3 °mph,0 °mph,29.91 °in,0.0 °in,Mist
"Avila Beach, CA",12/28/2024,4:51 AM,48 °F,48 °F,100 °%,ESE,5 °mph,0 °mph,29.90 °in,0.0 °in,Fog
"Avila Beach, CA",12/28/2024,4:56 AM,50 °F,49 °F,96 °%,CALM,0 °mph,0 °mph,29.91 °in,0.0 °in,Fog
"Avila Beach, CA",12/28/2024,5:06 AM,49 °F,48 °F,97 °%,E,5 °mph,0 °mph,29.91 °in,0.0 °in,Fog
"Avila Beach, CA",12/28/2024,5:20 AM,49 °F,48 °F,97 °%,E,5 °mph,0 °mph,29.91 °in,0.0 °in,Fog
"Avila Beach, CA",12/28/2024,5:31 AM,48 °F,48 °F,100 °%,E,3 °mph,0 °mph,29.91 °in,0.0 °in,Fog
"Avila Beach, CA",12/28/2024,5:38 AM,48 °F,48 °F,100 °%,E,3 °mph,0 °mph,29.92 °in,0.0 °in,Fog
"Avila Beach, CA",12/28/2024,5:49 AM,48 °F,48 °F,100 °%,CALM,0 °mph,0 °mph,29.92 °in,0.0 °in,Mist
"Avila Beach, CA",12/28/2024,5:52 AM,48 °F,48 °F,100 °%,CALM,0 °mph,0 °mph,29.92 °in,0.0 °in,Mist
"Avila Beach, CA",12/28/2024,5:56 AM,48 °F,48 °F,100 °%,CALM,0 °mph,0 °mph,29.92 °in,0.0 °in,Partly Cloudy
"Avila Beach, CA",12/28/2024,6:56 AM,48 °F,48 °F,100 °%,CALM,0 °mph,0 °mph,29.93 °in,0.0 °in,Fair
"Avila Beach, CA",12/28/2024,7:56 AM,49 °F,48 °F,97 °%,CALM,0 °mph,0 °mph,29.95 °in,0.0 °in,Fair
"Avila Beach, CA",12/28/2024,8:56 AM,56 °F,53 °F,90 °%,W,5 °mph,0 °mph,29.96 °in,0.0 °in,Fair
"Avila Beach, CA",12/28/2024,9:56 AM,63 °F,54 °F,72 °%,WNW,9 °mph,0 °mph,29.96 °in,0.0 °in,Fair
"Avila Beach, CA",12/28/2024,10:56 AM,66 °F,53 °F,63 °%,NW,10 °mph,0 °mph,29.96 °in,0.0 °in,Fair
"Avila Beach, CA",12/28/2024,11:56 AM,64 °F,54 °F,70 °%,NW,14 °mph,0 °mph,29.95 °in,0.0 °in,Fair
"Avila Beach, CA",12/28/2024,12:56 PM,68 °F,55 °F,63 °%,NW,12 °mph,0 °mph,29.93 °in,0.0 °in,Fair
"Avila Beach, CA",12/28/2024,1:56 PM,66 °F,56 °F,70 °%,WNW,15 °mph,0 °mph,29.90 °in,0.0 °in,Fair
"Avila Beach, CA",12/28/2024,2:56 PM,63 °F,56 °F,78 °%,NW,13 °mph,0 °mph,29.91 °in,0.0 °in,Fair
"Avila Beach, CA",12/28/2024,3:56 PM,60 °F,56 °F,86 °%,NW,13 °mph,0 °mph,29.91 °in,0.0 °in,Fair
"Avila Beach, CA",12/28/2024,4:46 PM,56 °F,55 °F,97 °%,NW,13 °mph,0 °mph,29.91 °in,0.0 °in,Partly Cloudy
"Avila Beach, CA",12/28/2024,4:54 PM,55 °F,55 °F,100 °%,NW,12 °mph,0 °mph,29.92 °in,0.0 °in,Mist
"Avila Beach, CA",12/28/2024,4:56 PM,56 °F,55 °F,97 °%,NW,13 °mph,0 °mph,29.92 °in,0.0 °in,Mist
"Avila Beach, CA",12/28/2024,5:06 PM,56 °F,55 °F,97 °%,NW,12 °mph,0 °mph,29.92 °in,0.0 °in,Mist
"Avila Beach, CA",12/28/2024,5:20 PM,55 °F,55 °F,100 °%,NW,14 °mph,0 °mph,29.92 °in,0.0 °in,Mist
"Avila Beach, CA",12/28/2024,5:30 PM,55 °F,54 °F,96 °%,NW,14 °mph,0 °mph,29.92 °in,0.0 °in,Mist
"Avila Beach, CA",12/28/2024,5:37 PM,55 °F,54 °F,96 °%,NW,9 °mph,0 °mph,29.92 °in,0.0 °in,Mist
"Avila Beach, CA",12/28/2024,5:51 PM,55 °F,54 °F,94 °%,NW,9 °mph,0 °mph,29.92 °in,0.0 °in,Mist
"Avila Beach, CA",12/28/2024,5:56 PM,55 °F,54 °F,96 °%,NW,8 °mph,0 °mph,29.92 °in,0.0 °in,Mist
"Avila Beach, CA",12/28/2024,6:47 PM,54 °F,54 °F,100 °%,WNW,5 °mph,0 °mph,29.93 °in,0.0 °in,Mist
"Avila Beach, CA",12/28/2024,6:56 PM,54 °F,54 °F,100 °%,WNW,3 °mph,0 °mph,29.93 °in,0.0 °in,Mist
"Avila Beach, CA",12/28/2024,7:03 PM,54 °F,54 °F,100 °%,NW,5 °mph,0 °mph,29.93 °in,0.0 °in,Mist
"Avila Beach, CA",12/28/2024,7:17 PM,54 °F,53 °F,97 °%,WNW,3 °mph,0 °mph,29.94 °in,0.0 °in,Mist
"Avila Beach, CA",12/28/2024,7:30 PM,54 °F,54 °F,100 °%,NW,5 °mph,0 °mph,29.94 °in,0.0 °in,Mist
"Avila Beach, CA",12/28/2024,7:37 PM,53 °F,53 °F,100 °%,NW,7 °mph,0 °mph,29.94 °in,0.0 °in,Mist
"Avila Beach, CA",12/28/2024,7:46 PM,54 °F,53 °F,97 °%,NW,10 °mph,0 °mph,29.94 °in,0.0 °in,Mist
"Avila Beach, CA",12/28/2024,7:56 PM,54 °F,53 °F,97 °%,NW,6 °mph,0 °mph,29.94 °in,0.0 °in,Fog
"Avila Beach, CA",12/28/2024,8:19 PM,54 °F,53 °F,97 °%,CALM,0 °mph,0 °mph,29.94 °in,0.0 °in,Mist
"Avila Beach, CA",12/28/2024,8:29 PM,54 °F,53 °F,97 °%,VAR,3 °mph,0 °mph,29.94 °in,0.0 °in,Mist
"Avila Beach, CA",12/28/2024,8:40 PM,54 °F,53 °F,97 °%,VAR,5 °mph,0 °mph,29.94 °in,0.0 °in,Mist
"Avila Beach, CA",12/28/2024,8:52 PM,54 °F,54 °F,100 °%,NW,12 °mph,0 °mph,29.94 °in,0.0 °in,Mist
"Avila Beach, CA",12/28/2024,8:56 PM,54 °F,54 °F,100 °%,NW,12 °mph,0 °mph,29.94 °in,0.0 °in,Fog
"Avila Beach, CA",12/28/2024,9:25 PM,53 °F,53 °F,100 °%,NNW,3 °mph,0 °mph,29.94 °in,0.0 °in,Mist
"Avila Beach, CA",12/28/2024,9:37 PM,53 °F,53 °F,100 °%,WNW,3 °mph,0 °mph,29.94 °in,0.0 °in,Mist
"Avila Beach, CA",12/28/2024,9:48 PM,53 °F,53 °F,100 °%,NW,5 °mph,0 °mph,29.94 °in,0.0 °in,Mist
"Avila Beach, CA",12/28/2024,9:56 PM,53 °F,53 °F,100 °%,NW,3 °mph,0 °mph,29.94 °in,0.0 °in,Mist
"Avila Beach, CA",12/28/2024,10:13 PM,52 °F,52 °F,100 °%,CALM,0 °mph,0 °mph,29.94 °in,0.0 °in,Mist
"Avila Beach, CA",12/28/2024,10:24 PM,52 °F,52 °F,100 °%,CALM,0 °mph,0 °mph,29.94 °in,0.0 °in,Mist
"Avila Beach, CA",12/28/2024,10:41 PM,52 °F,52 °F,100 °%,ESE,3 °mph,0 °mph,29.94 °in,0.0 °in,Mist
"Avila Beach, CA",12/28/2024,10:53 PM,52 °F,52 °F,100 °%,CALM,0 °mph,0 °mph,29.94 °in,0.0 °in,Mist
"Avila Beach, CA",12/28/2024,10:56 PM,51 °F,51 °F,100 °%,CALM,0 °mph,0 °mph,29.94 °in,0.0 °in,Fog
"Avila Beach, CA",12/28/2024,11:16 PM,51 °F,50 °F,96 °%,E,3 °mph,0 °mph,29.94 °in,0.0 °in,Fog
"Avila Beach, CA",12/28/2024,11:25 PM,51 °F,51 °F,100 °%,CALM,0 °mph,0 °mph,29.94 °in,0.0 °in,Fog
"Avila Beach, CA",12/28/2024,11:56 PM,51 °F,51 °F,100 °%,SE,5 °mph,0 °mph,29.93 °in,0.0 °in,Fog
"Borrego Springs, CA",12/28/2024,12:53 AM,53 °F,37 °F,55 °%,SW,3 °mph,0 °mph,29.54 °in,0.0 °in,Fair
"Borrego Springs, CA",12/28/2024,1:53 AM,55 °F,36 °F,49 °%,CALM,0 °mph,0 °mph,29.55 °in,0.0 °in,Fair
"Borrego Springs, CA",12/28/2024,2:53 AM,53 °F,37 °F,55 °%,N,6 °mph,0 °mph,29.56 °in,0.0 °in,Fair
"Borrego Springs, CA",12/28/2024,3:53 AM,54 °F,40 °F,59 °%,N,8 °mph,0 °mph,29.55 °in,0.0 °in,Fair
"Borrego Springs, CA",12/28/2024,4:53 AM,55 °F,38 °F,53 °%,CALM,0 °mph,0 °mph,29.56 °in,0.0 °in,Fair
"Borrego Springs, CA",12/28/2024,5:53 AM,54 °F,40 °F,59 °%,NW,6 °mph,0 °mph,29.59 °in,0.0 °in,Fair
"Borrego Springs, CA",12/28/2024,6:53 AM,54 °F,37 °F,53 °%,N,6 °mph,0 °mph,29.60 °in,0.0 °in,Fair
"Borrego Springs, CA",12/28/2024,7:53 AM,52 °F,40 °F,63 °%,CALM,0 °mph,0 °mph,29.62 °in,0.0 °in,Fair
"Borrego Springs, CA",12/28/2024,8:53 AM,57 °F,43 °F,59 °%,WSW,3 °mph,0 °mph,29.64 °in,0.0 °in,Fair
"Borrego Springs, CA",12/28/2024,9:53 AM,63 °F,41 °F,45 °%,CALM,0 °mph,0 °mph,29.65 °in,0.0 °in,Fair
"Borrego Springs, CA",12/28/2024,12:53 PM,72 °F,41 °F,33 °%,CALM,0 °mph,0 °mph,29.58 °in,0.0 °in,Fair
"Borrego Springs, CA",12/28/2024,1:53 PM,74 °F,41 °F,30 °%,CALM,0 °mph,0 °mph,29.56 °in,0.0 °in,Fair
"Borrego Springs, CA",12/28/2024,2:53 PM,75 °F,41 °F,29 °%,ESE,3 °mph,0 °mph,29.56 °in,0.0 °in,Fair
"Borrego Springs, CA",12/28/2024,3:53 PM,73 °F,41 °F,31 °%,ESE,8 °mph,0 °mph,29.57 °in,0.0 °in,Fair
"Borrego Springs, CA",12/28/2024,4:53 PM,69 °F,43 °F,39 °%,E,5 °mph,0 °mph,29.57 °in,0.0 °in,Fair
"Borrego Springs, CA",12/28/2024,5:53 PM,64 °F,43 °F,46 °%,S,3 °mph,0 °mph,29.58 °in,0.0 °in,Fair
"Borrego Springs, CA",12/28/2024,6:53 PM,63 °F,44 °F,50 °%,CALM,0 °mph,0 °mph,29.60 °in,0.0 °in,Fair
"Borrego Springs, CA",12/28/2024,7:53 PM,60 °F,44 °F,55 °%,CALM,0 °mph,0 °mph,29.61 °in,0.0 °in,Fair
"Borrego Springs, CA",12/28/2024,8:53 PM,56 °F,39 °F,53 °%,NNW,7 °mph,0 °mph,29.62 °in,0.0 °in,Fair
"Borrego Springs, CA",12/28/2024,9:53 PM,57 °F,37 °F,47 °%,NW,8 °mph,0 °mph,29.62 °in,0.0 °in,Fair
"Borrego Springs, CA",12/28/2024,10:53 PM,55 °F,37 °F,51 °%,NNW,3 °mph,0 °mph,29.63 °in,0.0 °in,Fair
"Borrego Springs, CA",12/28/2024,11:53 PM,54 °F,36 °F,51 °%,NW,5 °mph,0 °mph,29.62 °in,0.0 °in,Fair
"Crescent, OR",12/28/2024,12:56 AM,41 °F,36 °F,82 °%,S,10 °mph,0 °mph,26.59 °in,0.0 °in,Fair
"Crescent, OR",12/28/2024,1:56 AM,41 °F,35 °F,79 °%,SSE,9 °mph,0 °mph,26.57 °in,0.0 °in,Fair
"Crescent, OR",12/28/2024,2:56 AM,41 °F,34 °F,76 °%,SE,6 °mph,0 °mph,26.59 °in,0.0 °in,Fair
"Crescent, OR",12/28/2024,3:56 AM,37 °F,32 °F,82 °%,CALM,0 °mph,0 °mph,26.61 °in,0.0 °in,Partly Cloudy
"Crescent, OR",12/28/2024,4:56 AM,39 °F,33 °F,79 °%,CALM,0 °mph,0 °mph,26.63 °in,0.0 °in,Fair
"Crescent, OR",12/28/2024,5:56 AM,41 °F,32 °F,70 °%,S,6 °mph,0 °mph,26.65 °in,0.0 °in,Fair
"Crescent, OR",12/28/2024,6:56 AM,40 °F,31 °F,70 °%,VAR,5 °mph,0 °mph,26.68 °in,0.0 °in,Fair
"Crescent, OR",12/28/2024,7:56 AM,42 °F,32 °F,67 °%,SSW,7 °mph,0 °mph,26.71 °in,0.0 °in,Partly Cloudy
"Crescent, OR",12/28/2024,8:56 AM,44 °F,32 °F,63 °%,S,9 °mph,0 °mph,26.74 °in,0.0 °in,Partly Cloudy
"Crescent, OR",12/28/2024,9:56 AM,49 °F,31 °F,50 °%,SW,9 °mph,0 °mph,26.76 °in,0.0 °in,Fair
"Crescent, OR",12/28/2024,10:56 AM,50 °F,30 °F,46 °%,SW,12 °mph,18 °mph,26.75 °in,0.0 °in,Fair
"Crescent, OR",12/28/2024,11:56 AM,50 °F,30 °F,46 °%,W,9 °mph,0 °mph,26.76 °in,0.0 °in,Fair
"Crescent, OR",12/28/2024,12:56 PM,50 °F,31 °F,48 °%,S,10 °mph,0 °mph,26.76 °in,0.0 °in,Fair
"Crescent, OR",12/28/2024,1:56 PM,48 °F,31 °F,52 °%,SSW,14 °mph,0 °mph,26.76 °in,0.0 °in,Cloudy
"Crescent, OR",12/28/2024,2:56 PM,47 °F,30 °F,52 °%,WSW,6 °mph,0 °mph,26.77 °in,0.0 °in,Fair
"Crescent, OR",12/28/2024,3:56 PM,45 °F,30 °F,56 °%,S,6 °mph,0 °mph,26.76 °in,0.0 °in,Fair
"Crescent, OR",12/28/2024,4:56 PM,43 °F,30 °F,60 °%,SSW,3 °mph,0 °mph,26.77 °in,0.0 °in,Mostly Cloudy
"Crescent, OR",12/28/2024,5:56 PM,42 °F,30 °F,62 °%,SSE,7 °mph,0 °mph,26.76 °in,0.0 °in,Cloudy
"Crescent, OR",12/28/2024,6:56 PM,42 °F,30 °F,62 °%,SSE,9 °mph,0 °mph,26.72 °in,0.0 °in,Cloudy
"Crescent, OR",12/28/2024,7:42 PM,38 °F,34 °F,86 °%,S,12 °mph,0 °mph,26.73 °in,0.0 °in,Light Rain
"Crescent, OR",12/28/2024,7:56 PM,37 °F,33 °F,86 °%,S,12 °mph,0 °mph,26.73 °in,0.0 °in,Light Rain
"Crescent, OR",12/28/2024,8:56 PM,35 °F,32 °F,89 °%,SSE,10 °mph,0 °mph,26.69 °in,0.1 °in,Rain
"Crescent, OR",12/28/2024,9:56 PM,36 °F,34 °F,93 °%,SSE,5 °mph,0 °mph,26.67 °in,0.1 °in,Light Rain
"Crescent, OR",12/28/2024,10:56 PM,36 °F,33 °F,89 °%,ESE,5 °mph,0 °mph,26.63 °in,0.1 °in,Light Rain
"Crescent, OR",12/28/2024,11:56 PM,36 °F,34 °F,93 °%,ENE,5 °mph,0 °mph,26.57 °in,0.1 °in,Light Rain
