Competitor,Room Type,Guests,Price,Rating,Check-in Date,Report Date
Spirit Lake Lodge,King Room High floor,2,120,8.4,2025-01-01,12-31-2024
Spirit Lake Lodge,Queen Room with Two Queen Beds,2,130,8.4,2025-01-01,12-31-2024
Spirit Lake Lodge,Queen Room with Two Queen Beds,3,140,8.4,2025-01-01,12-31-2024
Spirit Lake Lodge,Queen Room with Two Queen Beds,4,150,8.4,2025-01-01,12-31-2024
Spirit Lake Lodge,Queen Suite,2,140,8.4,2025-01-01,12-31-2024
Spirit Lake Lodge,Queen Suite,3,150,8.4,2025-01-01,12-31-2024
Spirit Lake Lodge,King Room High floor,2,120,8.4,2025-01-02,12-31-2024
Spirit Lake Lodge,Queen Room with Two Queen Beds,2,130,8.4,2025-01-02,12-31-2024
Spirit Lake Lodge,Queen Room with Two Queen Beds,3,140,8.4,2025-01-02,12-31-2024
Spirit Lake Lodge,Queen Room with Two Queen Beds,4,150,8.4,2025-01-02,12-31-2024
Spirit Lake Lodge,Queen Suite,2,140,8.4,2025-01-02,12-31-2024
Spirit Lake Lodge,Queen Suite,3,150,8.4,2025-01-02,12-31-2024
Spirit Lake Lodge,Deluxe Queen Suite,2,160,8.4,2025-01-02,12-31-2024
Spirit Lake Lodge,Deluxe Queen Suite,3,170,8.4,2025-01-02,12-31-2024
Spirit Lake Lodge,King Room High floor,2,120,8.4,2025-01-03,12-31-2024
Spirit Lake Lodge,Queen Room with Two Queen Beds,2,130,8.4,2025-01-03,12-31-2024
Spirit Lake Lodge,Queen Room with Two Queen Beds,3,140,8.4,2025-01-03,12-31-2024
Spirit Lake Lodge,Queen Room with Two Queen Beds,4,150,8.4,2025-01-03,12-31-2024
Spirit Lake Lodge,Queen Suite,2,140,8.4,2025-01-03,12-31-2024
Spirit Lake Lodge,Queen Suite,3,150,8.4,2025-01-03,12-31-2024
Spirit Lake Lodge,Deluxe Queen Suite,2,160,8.4,2025-01-03,12-31-2024
Spirit Lake Lodge,Deluxe Queen Suite,3,170,8.4,2025-01-03,12-31-2024
Spirit Lake Lodge,King Room High floor,2,120,8.4,2025-01-04,12-31-2024
Spirit Lake Lodge,King Room,2,120,8.4,2025-01-04,12-31-2024
Spirit Lake Lodge,Queen Room with Two Queen Beds,2,130,8.4,2025-01-04,12-31-2024
Spirit Lake Lodge,Queen Room with Two Queen Beds,3,140,8.4,2025-01-04,12-31-2024
Spirit Lake Lodge,Queen Room with Two Queen Beds,4,150,8.4,2025-01-04,12-31-2024
Spirit Lake Lodge,Queen Suite,2,140,8.4,2025-01-04,12-31-2024
Spirit Lake Lodge,Queen Suite,3,150,8.4,2025-01-04,12-31-2024
Spirit Lake Lodge,Deluxe Queen Suite,2,150,8.4,2025-01-04,12-31-2024
Spirit Lake Lodge,Deluxe Queen Suite,3,160,8.4,2025-01-04,12-31-2024
Spirit Lake Lodge,King Room High floor,2,100,8.4,2025-01-05,12-31-2024
Spirit Lake Lodge,King Room,2,100,8.4,2025-01-05,12-31-2024
Spirit Lake Lodge,Queen Room with Two Queen Beds,2,110,8.4,2025-01-05,12-31-2024
Spirit Lake Lodge,Queen Room with Two Queen Beds,3,120,8.4,2025-01-05,12-31-2024
Spirit Lake Lodge,Queen Room with Two Queen Beds,4,130,8.4,2025-01-05,12-31-2024
Spirit Lake Lodge,Queen Suite,2,120,8.4,2025-01-05,12-31-2024
Spirit Lake Lodge,Queen Suite,3,130,8.4,2025-01-05,12-31-2024
Spirit Lake Lodge,Deluxe Queen Suite,2,130,8.4,2025-01-05,12-31-2024
Spirit Lake Lodge,Deluxe Queen Suite,3,140,8.4,2025-01-05,12-31-2024
Spirit Lake Lodge,King Room High floor,2,100,8.4,2025-01-06,12-31-2024
Spirit Lake Lodge,King Room,2,100,8.4,2025-01-06,12-31-2024
Spirit Lake Lodge,Queen Room with Two Queen Beds,2,110,8.4,2025-01-06,12-31-2024
Spirit Lake Lodge,Queen Room with Two Queen Beds,3,120,8.4,2025-01-06,12-31-2024
Spirit Lake Lodge,Queen Room with Two Queen Beds,4,130,8.4,2025-01-06,12-31-2024
Spirit Lake Lodge,Queen Suite,2,120,8.4,2025-01-06,12-31-2024
Spirit Lake Lodge,Queen Suite,3,130,8.4,2025-01-06,12-31-2024
Spirit Lake Lodge,Deluxe Queen Suite,2,130,8.4,2025-01-06,12-31-2024
Spirit Lake Lodge,Deluxe Queen Suite,3,140,8.4,2025-01-06,12-31-2024
Spirit Lake Lodge,King Room High floor,2,100,8.4,2025-01-07,12-31-2024
Spirit Lake Lodge,King Room,2,100,8.4,2025-01-07,12-31-2024
Spirit Lake Lodge,Queen Room with Two Queen Beds,2,110,8.4,2025-01-07,12-31-2024
Spirit Lake Lodge,Queen Room with Two Queen Beds,3,120,8.4,2025-01-07,12-31-2024
Spirit Lake Lodge,Queen Room with Two Queen Beds,4,130,8.4,2025-01-07,12-31-2024
Spirit Lake Lodge,Queen Suite,2,120,8.4,2025-01-07,12-31-2024
Spirit Lake Lodge,Queen Suite,3,130,8.4,2025-01-07,12-31-2024
Spirit Lake Lodge,Deluxe Queen Suite,2,130,8.4,2025-01-07,12-31-2024
Spirit Lake Lodge,Deluxe Queen Suite,3,140,8.4,2025-01-07,12-31-2024
Spirit Lake Lodge,King Room High floor,2,100,8.4,2025-01-08,12-31-2024
Spirit Lake Lodge,King Room,2,100,8.4,2025-01-08,12-31-2024
Spirit Lake Lodge,Queen Room with Two Queen Beds,2,110,8.4,2025-01-08,12-31-2024
Spirit Lake Lodge,Queen Room with Two Queen Beds,3,120,8.4,2025-01-08,12-31-2024
Spirit Lake Lodge,Queen Room with Two Queen Beds,4,130,8.4,2025-01-08,12-31-2024
Spirit Lake Lodge,Queen Suite,2,120,8.4,2025-01-08,12-31-2024
Spirit Lake Lodge,Queen Suite,3,130,8.4,2025-01-08,12-31-2024
Spirit Lake Lodge,Deluxe Queen Suite,2,130,8.4,2025-01-08,12-31-2024
Spirit Lake Lodge,Deluxe Queen Suite,3,140,8.4,2025-01-08,12-31-2024
Spirit Lake Lodge,King Room High floor,2,100,8.4,2025-01-09,12-31-2024
Spirit Lake Lodge,King Room,2,100,8.4,2025-01-09,12-31-2024
Spirit Lake Lodge,Queen Room with Two Queen Beds,2,110,8.4,2025-01-09,12-31-2024
Spirit Lake Lodge,Queen Room with Two Queen Beds,3,120,8.4,2025-01-09,12-31-2024
Spirit Lake Lodge,Queen Room with Two Queen Beds,4,130,8.4,2025-01-09,12-31-2024
Spirit Lake Lodge,Queen Suite,2,120,8.4,2025-01-09,12-31-2024
Spirit Lake Lodge,Queen Suite,3,130,8.4,2025-01-09,12-31-2024
Spirit Lake Lodge,Deluxe Queen Suite,2,130,8.4,2025-01-09,12-31-2024
Spirit Lake Lodge,Deluxe Queen Suite,3,140,8.4,2025-01-09,12-31-2024
Spirit Lake Lodge,King Room High floor,2,140,8.4,2025-01-10,12-31-2024
Spirit Lake Lodge,Queen Room with Two Queen Beds,2,130,8.4,2025-01-10,12-31-2024
Spirit Lake Lodge,Queen Room with Two Queen Beds,3,140,8.4,2025-01-10,12-31-2024
Spirit Lake Lodge,Queen Room with Two Queen Beds,4,150,8.4,2025-01-10,12-31-2024
Spirit Lake Lodge,King Room,2,130,8.4,2025-01-10,12-31-2024
Spirit Lake Lodge,Queen Suite,2,140,8.4,2025-01-10,12-31-2024
Spirit Lake Lodge,Queen Suite,3,150,8.4,2025-01-10,12-31-2024
Spirit Lake Lodge,Deluxe Queen Suite,2,150,8.4,2025-01-10,12-31-2024
Spirit Lake Lodge,Deluxe Queen Suite,3,160,8.4,2025-01-10,12-31-2024
Spirit Lake Lodge,King Room High floor,2,140,8.4,2025-01-11,12-31-2024
Spirit Lake Lodge,King Room,2,130,8.4,2025-01-11,12-31-2024
Spirit Lake Lodge,Queen Room with Two Queen Beds,2,130,8.4,2025-01-11,12-31-2024
Spirit Lake Lodge,Queen Room with Two Queen Beds,3,140,8.4,2025-01-11,12-31-2024
Spirit Lake Lodge,Queen Room with Two Queen Beds,4,150,8.4,2025-01-11,12-31-2024
Spirit Lake Lodge,Queen Suite,2,140,8.4,2025-01-11,12-31-2024
Spirit Lake Lodge,Queen Suite,3,150,8.4,2025-01-11,12-31-2024
Spirit Lake Lodge,Deluxe Queen Suite,2,150,8.4,2025-01-11,12-31-2024
Spirit Lake Lodge,Deluxe Queen Suite,3,160,8.4,2025-01-11,12-31-2024
Spirit Lake Lodge,King Room High floor,2,105,8.4,2025-01-12,12-31-2024
Spirit Lake Lodge,King Room,2,105,8.4,2025-01-12,12-31-2024
Spirit Lake Lodge,Queen Room with Two Queen Beds,2,120,8.4,2025-01-12,12-31-2024
Spirit Lake Lodge,Queen Room with Two Queen Beds,3,130,8.4,2025-01-12,12-31-2024
Spirit Lake Lodge,Queen Room with Two Queen Beds,4,140,8.4,2025-01-12,12-31-2024
Spirit Lake Lodge,Queen Suite,2,140,8.4,2025-01-12,12-31-2024
Spirit Lake Lodge,Queen Suite,3,150,8.4,2025-01-12,12-31-2024
Spirit Lake Lodge,Deluxe Queen Suite,2,150,8.4,2025-01-12,12-31-2024
Spirit Lake Lodge,Deluxe Queen Suite,3,160,8.4,2025-01-12,12-31-2024
Spirit Lake Lodge,King Room High floor,2,105,8.4,2025-01-13,12-31-2024
Spirit Lake Lodge,King Room,2,105,8.4,2025-01-13,12-31-2024
Spirit Lake Lodge,Queen Room with Two Queen Beds,2,120,8.4,2025-01-13,12-31-2024
Spirit Lake Lodge,Queen Room with Two Queen Beds,3,130,8.4,2025-01-13,12-31-2024
Spirit Lake Lodge,Queen Room with Two Queen Beds,4,140,8.4,2025-01-13,12-31-2024
Spirit Lake Lodge,Queen Suite,2,140,8.4,2025-01-13,12-31-2024
Spirit Lake Lodge,Queen Suite,3,150,8.4,2025-01-13,12-31-2024
Spirit Lake Lodge,Deluxe Queen Suite,2,150,8.4,2025-01-13,12-31-2024
Spirit Lake Lodge,Deluxe Queen Suite,3,160,8.4,2025-01-13,12-31-2024
Spirit Lake Lodge,King Room High floor,2,105,8.4,2025-01-14,12-31-2024
Spirit Lake Lodge,King Room,2,105,8.4,2025-01-14,12-31-2024
Spirit Lake Lodge,Queen Room with Two Queen Beds,2,120,8.4,2025-01-14,12-31-2024
Spirit Lake Lodge,Queen Room with Two Queen Beds,3,130,8.4,2025-01-14,12-31-2024
Spirit Lake Lodge,Queen Room with Two Queen Beds,4,140,8.4,2025-01-14,12-31-2024
Spirit Lake Lodge,Queen Suite,2,140,8.4,2025-01-14,12-31-2024
Spirit Lake Lodge,Queen Suite,3,150,8.4,2025-01-14,12-31-2024
Spirit Lake Lodge,Deluxe Queen Suite,2,150,8.4,2025-01-14,12-31-2024
Spirit Lake Lodge,Deluxe Queen Suite,3,160,8.4,2025-01-14,12-31-2024
Spirit Lake Lodge,King Room High floor,2,105,8.4,2025-01-15,12-31-2024
Spirit Lake Lodge,King Room,2,105,8.4,2025-01-15,12-31-2024
Spirit Lake Lodge,Queen Room with Two Queen Beds,2,120,8.4,2025-01-15,12-31-2024
Spirit Lake Lodge,Queen Room with Two Queen Beds,3,130,8.4,2025-01-15,12-31-2024
Spirit Lake Lodge,Queen Room with Two Queen Beds,4,140,8.4,2025-01-15,12-31-2024
Spirit Lake Lodge,Queen Suite,2,140,8.4,2025-01-15,12-31-2024
Spirit Lake Lodge,Queen Suite,3,150,8.4,2025-01-15,12-31-2024
Spirit Lake Lodge,Deluxe Queen Suite,2,150,8.4,2025-01-15,12-31-2024
Spirit Lake Lodge,Deluxe Queen Suite,3,160,8.4,2025-01-15,12-31-2024
Spirit Lake Lodge,King Room High floor,2,105,8.4,2025-01-16,12-31-2024
Spirit Lake Lodge,King Room,2,105,8.4,2025-01-16,12-31-2024
Spirit Lake Lodge,Queen Room with Two Queen Beds,2,120,8.4,2025-01-16,12-31-2024
Spirit Lake Lodge,Queen Room with Two Queen Beds,3,130,8.4,2025-01-16,12-31-2024
Spirit Lake Lodge,Queen Room with Two Queen Beds,4,140,8.4,2025-01-16,12-31-2024
Spirit Lake Lodge,Queen Suite,2,140,8.4,2025-01-16,12-31-2024
Spirit Lake Lodge,Queen Suite,3,150,8.4,2025-01-16,12-31-2024
Spirit Lake Lodge,Deluxe Queen Suite,2,150,8.4,2025-01-16,12-31-2024
Spirit Lake Lodge,Deluxe Queen Suite,3,160,8.4,2025-01-16,12-31-2024
Spirit Lake Lodge,King Room High floor,2,120,8.4,2025-01-17,12-31-2024
Spirit Lake Lodge,King Room,2,120,8.4,2025-01-17,12-31-2024
Spirit Lake Lodge,Queen Room with Two Queen Beds,2,130,8.4,2025-01-17,12-31-2024
Spirit Lake Lodge,Queen Room with Two Queen Beds,3,140,8.4,2025-01-17,12-31-2024
Spirit Lake Lodge,Queen Room with Two Queen Beds,4,150,8.4,2025-01-17,12-31-2024
Spirit Lake Lodge,Queen Suite,2,150,8.4,2025-01-17,12-31-2024
Spirit Lake Lodge,Queen Suite,3,160,8.4,2025-01-17,12-31-2024
Spirit Lake Lodge,Deluxe Queen Suite,2,160,8.4,2025-01-17,12-31-2024
Spirit Lake Lodge,Deluxe Queen Suite,3,170,8.4,2025-01-17,12-31-2024
Spirit Lake Lodge,King Room High floor,2,120,8.4,2025-01-18,12-31-2024
Spirit Lake Lodge,King Room,2,120,8.4,2025-01-18,12-31-2024
Spirit Lake Lodge,Queen Room with Two Queen Beds,2,130,8.4,2025-01-18,12-31-2024
Spirit Lake Lodge,Queen Room with Two Queen Beds,3,140,8.4,2025-01-18,12-31-2024
Spirit Lake Lodge,Queen Room with Two Queen Beds,4,150,8.4,2025-01-18,12-31-2024
Spirit Lake Lodge,Queen Suite,2,150,8.4,2025-01-18,12-31-2024
Spirit Lake Lodge,Queen Suite,3,160,8.4,2025-01-18,12-31-2024
Spirit Lake Lodge,Deluxe Queen Suite,2,160,8.4,2025-01-18,12-31-2024
Spirit Lake Lodge,Deluxe Queen Suite,3,170,8.4,2025-01-18,12-31-2024
Spirit Lake Lodge,King Room High floor,2,105,8.4,2025-01-19,12-31-2024
Spirit Lake Lodge,King Room,2,105,8.4,2025-01-19,12-31-2024
Spirit Lake Lodge,Queen Room with Two Queen Beds,2,120,8.4,2025-01-19,12-31-2024
Spirit Lake Lodge,Queen Room with Two Queen Beds,3,130,8.4,2025-01-19,12-31-2024
Spirit Lake Lodge,Queen Room with Two Queen Beds,4,140,8.4,2025-01-19,12-31-2024
Spirit Lake Lodge,Queen Suite,2,140,8.4,2025-01-19,12-31-2024
Spirit Lake Lodge,Queen Suite,3,150,8.4,2025-01-19,12-31-2024
Spirit Lake Lodge,Deluxe Queen Suite,2,150,8.4,2025-01-19,12-31-2024
Spirit Lake Lodge,Deluxe Queen Suite,3,160,8.4,2025-01-19,12-31-2024
Spirit Lake Lodge,King Room High floor,2,105,8.4,2025-01-20,12-31-2024
Spirit Lake Lodge,King Room,2,105,8.4,2025-01-20,12-31-2024
Spirit Lake Lodge,Queen Room with Two Queen Beds,2,120,8.4,2025-01-20,12-31-2024
Spirit Lake Lodge,Queen Room with Two Queen Beds,3,130,8.4,2025-01-20,12-31-2024
Spirit Lake Lodge,Queen Room with Two Queen Beds,4,140,8.4,2025-01-20,12-31-2024
Spirit Lake Lodge,Queen Suite,2,140,8.4,2025-01-20,12-31-2024
Spirit Lake Lodge,Queen Suite,3,150,8.4,2025-01-20,12-31-2024
Spirit Lake Lodge,Deluxe Queen Suite,2,150,8.4,2025-01-20,12-31-2024
Spirit Lake Lodge,Deluxe Queen Suite,3,160,8.4,2025-01-20,12-31-2024
Spirit Lake Lodge,King Room High floor,2,105,8.4,2025-01-21,12-31-2024
Spirit Lake Lodge,King Room,2,105,8.4,2025-01-21,12-31-2024
Spirit Lake Lodge,Queen Room with Two Queen Beds,2,120,8.4,2025-01-21,12-31-2024
Spirit Lake Lodge,Queen Room with Two Queen Beds,3,130,8.4,2025-01-21,12-31-2024
Spirit Lake Lodge,Queen Room with Two Queen Beds,4,140,8.4,2025-01-21,12-31-2024
Spirit Lake Lodge,Queen Suite,2,140,8.4,2025-01-21,12-31-2024
Spirit Lake Lodge,Queen Suite,3,150,8.4,2025-01-21,12-31-2024
Spirit Lake Lodge,Deluxe Queen Suite,2,150,8.4,2025-01-21,12-31-2024
Spirit Lake Lodge,Deluxe Queen Suite,3,160,8.4,2025-01-21,12-31-2024
Spirit Lake Lodge,King Room High floor,2,105,8.4,2025-01-22,12-31-2024
Spirit Lake Lodge,Queen Room with Two Queen Beds,2,120,8.4,2025-01-22,12-31-2024
Spirit Lake Lodge,Queen Room with Two Queen Beds,3,130,8.4,2025-01-22,12-31-2024
Spirit Lake Lodge,Queen Room with Two Queen Beds,4,140,8.4,2025-01-22,12-31-2024
Spirit Lake Lodge,King Room,2,105,8.4,2025-01-22,12-31-2024
Spirit Lake Lodge,Queen Suite,2,140,8.4,2025-01-22,12-31-2024
Spirit Lake Lodge,Queen Suite,3,150,8.4,2025-01-22,12-31-2024
Spirit Lake Lodge,Deluxe Queen Suite,2,150,8.4,2025-01-22,12-31-2024
Spirit Lake Lodge,Deluxe Queen Suite,3,160,8.4,2025-01-22,12-31-2024
Spirit Lake Lodge,Queen Room with Two Queen Beds,2,130,8.4,2025-01-23,12-31-2024
Spirit Lake Lodge,Queen Room with Two Queen Beds,3,140,8.4,2025-01-23,12-31-2024
Spirit Lake Lodge,Queen Room with Two Queen Beds,4,150,8.4,2025-01-23,12-31-2024
Spirit Lake Lodge,King Room,2,120,8.4,2025-01-23,12-31-2024
Spirit Lake Lodge,Queen Suite,2,150,8.4,2025-01-23,12-31-2024
Spirit Lake Lodge,Queen Suite,3,160,8.4,2025-01-23,12-31-2024
Spirit Lake Lodge,Deluxe Queen Suite,2,160,8.4,2025-01-23,12-31-2024
Spirit Lake Lodge,Deluxe Queen Suite,3,170,8.4,2025-01-23,12-31-2024
Spirit Lake Lodge,King Room High floor,2,105,8.4,2025-01-26,12-31-2024
Spirit Lake Lodge,King Room,2,105,8.4,2025-01-26,12-31-2024
Spirit Lake Lodge,Queen Room with Two Queen Beds,2,120,8.4,2025-01-26,12-31-2024
Spirit Lake Lodge,Queen Room with Two Queen Beds,3,130,8.4,2025-01-26,12-31-2024
Spirit Lake Lodge,Queen Room with Two Queen Beds,4,140,8.4,2025-01-26,12-31-2024
Spirit Lake Lodge,Queen Suite,2,140,8.4,2025-01-26,12-31-2024
Spirit Lake Lodge,Queen Suite,3,150,8.4,2025-01-26,12-31-2024
Spirit Lake Lodge,Deluxe Queen Suite,2,150,8.4,2025-01-26,12-31-2024
Spirit Lake Lodge,Deluxe Queen Suite,3,160,8.4,2025-01-26,12-31-2024
Spirit Lake Lodge,King Room High floor,2,105,8.4,2025-01-27,12-31-2024
Spirit Lake Lodge,King Room,2,105,8.4,2025-01-27,12-31-2024
Spirit Lake Lodge,Queen Room with Two Queen Beds,2,120,8.4,2025-01-27,12-31-2024
Spirit Lake Lodge,Queen Room with Two Queen Beds,3,130,8.4,2025-01-27,12-31-2024
Spirit Lake Lodge,Queen Room with Two Queen Beds,4,140,8.4,2025-01-27,12-31-2024
Spirit Lake Lodge,Queen Suite,2,140,8.4,2025-01-27,12-31-2024
Spirit Lake Lodge,Queen Suite,3,150,8.4,2025-01-27,12-31-2024
Spirit Lake Lodge,Deluxe Queen Suite,2,150,8.4,2025-01-27,12-31-2024
Spirit Lake Lodge,Deluxe Queen Suite,3,160,8.4,2025-01-27,12-31-2024
Spirit Lake Lodge,King Room High floor,2,105,8.4,2025-01-28,12-31-2024
Spirit Lake Lodge,King Room,2,105,8.4,2025-01-28,12-31-2024
Spirit Lake Lodge,Queen Room with Two Queen Beds,2,120,8.4,2025-01-28,12-31-2024
Spirit Lake Lodge,Queen Room with Two Queen Beds,3,130,8.4,2025-01-28,12-31-2024
Spirit Lake Lodge,Queen Room with Two Queen Beds,4,140,8.4,2025-01-28,12-31-2024
Spirit Lake Lodge,Queen Suite,2,140,8.4,2025-01-28,12-31-2024
Spirit Lake Lodge,Queen Suite,3,150,8.4,2025-01-28,12-31-2024
Spirit Lake Lodge,Deluxe Queen Suite,2,150,8.4,2025-01-28,12-31-2024
Spirit Lake Lodge,Deluxe Queen Suite,3,160,8.4,2025-01-28,12-31-2024
Spirit Lake Lodge,King Room High floor,2,105,8.4,2025-01-29,12-31-2024
Spirit Lake Lodge,King Room,2,105,8.4,2025-01-29,12-31-2024
Spirit Lake Lodge,Queen Room with Two Queen Beds,2,120,8.4,2025-01-29,12-31-2024
Spirit Lake Lodge,Queen Room with Two Queen Beds,3,130,8.4,2025-01-29,12-31-2024
Spirit Lake Lodge,Queen Room with Two Queen Beds,4,140,8.4,2025-01-29,12-31-2024
Spirit Lake Lodge,Queen Suite,2,140,8.4,2025-01-29,12-31-2024
Spirit Lake Lodge,Queen Suite,3,150,8.4,2025-01-29,12-31-2024
Spirit Lake Lodge,Deluxe Queen Suite,2,150,8.4,2025-01-29,12-31-2024
Spirit Lake Lodge,Deluxe Queen Suite,3,160,8.4,2025-01-29,12-31-2024
Spirit Lake Lodge,King Room High floor,2,105,8.4,2025-01-30,12-31-2024
Spirit Lake Lodge,King Room,2,105,8.4,2025-01-30,12-31-2024
Spirit Lake Lodge,Queen Room with Two Queen Beds,2,120,8.4,2025-01-30,12-31-2024
Spirit Lake Lodge,Queen Room with Two Queen Beds,3,130,8.4,2025-01-30,12-31-2024
Spirit Lake Lodge,Queen Room with Two Queen Beds,4,140,8.4,2025-01-30,12-31-2024
Spirit Lake Lodge,Queen Suite,2,140,8.4,2025-01-30,12-31-2024
Spirit Lake Lodge,Queen Suite,3,150,8.4,2025-01-30,12-31-2024
Spirit Lake Lodge,Deluxe Queen Suite,2,160,8.4,2025-01-30,12-31-2024
Spirit Lake Lodge,Deluxe Queen Suite,3,170,8.4,2025-01-30,12-31-2024
