Room Type,Guests,Price,Rating,Check-in Date,Report Date,HWV Property,Competitor
Deluxe Queen Suite,4,209,9.5,2025-01-06,01-05-2025,Jackson Property,Huff House Inn and Cabins
King Room with Balcony,1 Only for 1 guest,209,9.5,2025-01-06,01-05-2025,Jackson Property,Huff House Inn and Cabins
Deluxe Queen Suite,4,209,9.5,2025-01-07,01-05-2025,Jackson Property,Huff House Inn and Cabins
Deluxe Queen Suite,4,209,9.5,2025-01-08,01-05-2025,Jackson Property,Huff House Inn and Cabins
King Room with Balcony,1 Only for 1 guest,209,9.5,2025-01-08,01-05-2025,Jackson Property,Huff House Inn and Cabins
Deluxe Queen Suite,4,214,9.5,2025-01-09,01-05-2025,Jackson Property,Huff House Inn and Cabins
King Room with Balcony,1 Only for 1 guest,214,9.5,2025-01-09,01-05-2025,Jackson Property,Huff House Inn and Cabins
Deluxe Queen Suite,4,214,9.5,2025-01-10,01-05-2025,Jackson Property,Huff House Inn and Cabins
Deluxe Queen Suite,4,209,9.5,2025-01-11,01-05-2025,Jackson Property,Huff House Inn and Cabins
Deluxe Queen Suite,4,209,9.5,2025-01-12,01-05-2025,Jackson Property,Huff House Inn and Cabins
King Room with Balcony,1 Only for 1 guest,209,9.5,2025-01-12,01-05-2025,Jackson Property,Huff House Inn and Cabins
Deluxe Queen Suite,4,199,9.5,2025-01-13,01-05-2025,Jackson Property,Huff House Inn and Cabins
King Room with Balcony,1 Only for 1 guest,199,9.5,2025-01-13,01-05-2025,Jackson Property,Huff House Inn and Cabins
Deluxe Queen Suite,4,204,9.5,2025-01-14,01-05-2025,Jackson Property,Huff House Inn and Cabins
King Room with Balcony,1 Only for 1 guest,204,9.5,2025-01-14,01-05-2025,Jackson Property,Huff House Inn and Cabins
Deluxe Queen Suite,4,204,9.5,2025-01-15,01-05-2025,Jackson Property,Huff House Inn and Cabins
King Room with Balcony,1 Only for 1 guest,204,9.5,2025-01-15,01-05-2025,Jackson Property,Huff House Inn and Cabins
Deluxe Queen Suite,4,204,9.5,2025-01-16,01-05-2025,Jackson Property,Huff House Inn and Cabins
Deluxe Queen Suite,4,209,9.5,2025-01-17,01-05-2025,Jackson Property,Huff House Inn and Cabins
Deluxe Queen Suite,4,209,9.5,2025-01-19,01-05-2025,Jackson Property,Huff House Inn and Cabins
King Room with Balcony,1 Only for 1 guest,209,9.5,2025-01-19,01-05-2025,Jackson Property,Huff House Inn and Cabins
Deluxe Queen Suite,4,204,9.5,2025-01-20,01-05-2025,Jackson Property,Huff House Inn and Cabins
King Room with Balcony,1 Only for 1 guest,204,9.5,2025-01-20,01-05-2025,Jackson Property,Huff House Inn and Cabins
Deluxe Queen Suite,4,204,9.5,2025-01-21,01-05-2025,Jackson Property,Huff House Inn and Cabins
King Room with Balcony,1 Only for 1 guest,204,9.5,2025-01-21,01-05-2025,Jackson Property,Huff House Inn and Cabins
Deluxe Queen Suite,4,204,9.5,2025-01-22,01-05-2025,Jackson Property,Huff House Inn and Cabins
King Room with Balcony,1 Only for 1 guest,204,9.5,2025-01-22,01-05-2025,Jackson Property,Huff House Inn and Cabins
Deluxe Queen Suite,4,209,9.5,2025-01-23,01-05-2025,Jackson Property,Huff House Inn and Cabins
King Room with Balcony,1 Only for 1 guest,209,9.5,2025-01-23,01-05-2025,Jackson Property,Huff House Inn and Cabins
Deluxe Queen Suite,4,214,9.5,2025-01-24,01-05-2025,Jackson Property,Huff House Inn and Cabins
Deluxe Queen Suite,4,214,9.5,2025-01-25,01-05-2025,Jackson Property,Huff House Inn and Cabins
Deluxe Queen Suite,4,209,9.5,2025-01-26,01-05-2025,Jackson Property,Huff House Inn and Cabins
King Room with Balcony,1 Only for 1 guest,209,9.5,2025-01-26,01-05-2025,Jackson Property,Huff House Inn and Cabins
Deluxe Queen Suite,4,209,9.5,2025-01-27,01-05-2025,Jackson Property,Huff House Inn and Cabins
King Room with Balcony,1 Only for 1 guest,209,9.5,2025-01-27,01-05-2025,Jackson Property,Huff House Inn and Cabins
Deluxe Queen Suite,4,209,9.5,2025-01-28,01-05-2025,Jackson Property,Huff House Inn and Cabins
King Room with Balcony,1 Only for 1 guest,209,9.5,2025-01-28,01-05-2025,Jackson Property,Huff House Inn and Cabins
Deluxe Queen Suite,4,209,9.5,2025-01-29,01-05-2025,Jackson Property,Huff House Inn and Cabins
Deluxe Queen Suite,4,209,9.5,2025-01-30,01-05-2025,Jackson Property,Huff House Inn and Cabins
King Room with Balcony,1 Only for 1 guest,209,9.5,2025-01-30,01-05-2025,Jackson Property,Huff House Inn and Cabins
Deluxe Queen Suite,4,219,9.5,2025-02-01,01-05-2025,Jackson Property,Huff House Inn and Cabins
Deluxe Queen Suite,4,219,9.5,2025-02-02,01-05-2025,Jackson Property,Huff House Inn and Cabins
King Room with Balcony,1 Only for 1 guest,219,9.5,2025-02-02,01-05-2025,Jackson Property,Huff House Inn and Cabins
Deluxe Queen Suite,4,209,9.5,2025-02-03,01-05-2025,Jackson Property,Huff House Inn and Cabins
King Room with Balcony,1 Only for 1 guest,209,9.5,2025-02-03,01-05-2025,Jackson Property,Huff House Inn and Cabins
Deluxe Queen Suite,4,209,9.5,2025-02-04,01-05-2025,Jackson Property,Huff House Inn and Cabins
King Room with Balcony,1 Only for 1 guest,209,9.5,2025-02-04,01-05-2025,Jackson Property,Huff House Inn and Cabins
,2,174,7.6,2025-01-06,01-05-2025,Jackson Property,The Jackson SouthTown
Junior Suite,2,214,7.6,2025-01-06,01-05-2025,Jackson Property,The Jackson SouthTown
"Full Bunk Bed Studio with Kitchenette, Non-Smoking",3,133,7.6,2025-01-06,01-05-2025,Jackson Property,The Jackson SouthTown
"Full Bunk Bed Studio with Kitchenette, Non-Smoking",4,154,7.6,2025-01-06,01-05-2025,Jackson Property,The Jackson SouthTown
,2,151,7.6,2025-01-07,01-05-2025,Jackson Property,The Jackson SouthTown
,2,171,7.6,2025-01-07,01-05-2025,Jackson Property,The Jackson SouthTown
Junior Suite,2,211,7.6,2025-01-07,01-05-2025,Jackson Property,The Jackson SouthTown
"Full Bunk Bed Studio with Kitchenette, Non-Smoking",3,133,7.6,2025-01-07,01-05-2025,Jackson Property,The Jackson SouthTown
"Full Bunk Bed Studio with Kitchenette, Non-Smoking",4,151,7.6,2025-01-07,01-05-2025,Jackson Property,The Jackson SouthTown
,2,153,7.6,2025-01-08,01-05-2025,Jackson Property,The Jackson SouthTown
,2,173,7.6,2025-01-08,01-05-2025,Jackson Property,The Jackson SouthTown
Junior Suite,2,213,7.6,2025-01-08,01-05-2025,Jackson Property,The Jackson SouthTown
"Full Bunk Bed Studio with Kitchenette, Non-Smoking",3,133,7.6,2025-01-08,01-05-2025,Jackson Property,The Jackson SouthTown
"Full Bunk Bed Studio with Kitchenette, Non-Smoking",4,153,7.6,2025-01-08,01-05-2025,Jackson Property,The Jackson SouthTown
,2,153,7.6,2025-01-09,01-05-2025,Jackson Property,The Jackson SouthTown
,2,173,7.6,2025-01-09,01-05-2025,Jackson Property,The Jackson SouthTown
Junior Suite,2,213,7.6,2025-01-09,01-05-2025,Jackson Property,The Jackson SouthTown
"Full Bunk Bed Studio with Kitchenette, Non-Smoking",3,133,7.6,2025-01-09,01-05-2025,Jackson Property,The Jackson SouthTown
"Full Bunk Bed Studio with Kitchenette, Non-Smoking",4,153,7.6,2025-01-09,01-05-2025,Jackson Property,The Jackson SouthTown
,2,160,7.6,2025-01-10,01-05-2025,Jackson Property,The Jackson SouthTown
,2,180,7.6,2025-01-10,01-05-2025,Jackson Property,The Jackson SouthTown
Junior Suite,2,220,7.6,2025-01-10,01-05-2025,Jackson Property,The Jackson SouthTown
"Full Bunk Bed Studio with Kitchenette, Non-Smoking",3,133,7.6,2025-01-10,01-05-2025,Jackson Property,The Jackson SouthTown
"Full Bunk Bed Studio with Kitchenette, Non-Smoking",4,160,7.6,2025-01-10,01-05-2025,Jackson Property,The Jackson SouthTown
,2,160,7.6,2025-01-11,01-05-2025,Jackson Property,The Jackson SouthTown
,2,180,7.6,2025-01-11,01-05-2025,Jackson Property,The Jackson SouthTown
Junior Suite,2,220,7.6,2025-01-11,01-05-2025,Jackson Property,The Jackson SouthTown
"Full Bunk Bed Studio with Kitchenette, Non-Smoking",3,133,7.6,2025-01-11,01-05-2025,Jackson Property,The Jackson SouthTown
"Full Bunk Bed Studio with Kitchenette, Non-Smoking",4,160,7.6,2025-01-11,01-05-2025,Jackson Property,The Jackson SouthTown
,2,151,7.6,2025-01-12,01-05-2025,Jackson Property,The Jackson SouthTown
,2,171,7.6,2025-01-12,01-05-2025,Jackson Property,The Jackson SouthTown
Junior Suite,2,211,7.6,2025-01-12,01-05-2025,Jackson Property,The Jackson SouthTown
"Full Bunk Bed Studio with Kitchenette, Non-Smoking",3,133,7.6,2025-01-12,01-05-2025,Jackson Property,The Jackson SouthTown
"Full Bunk Bed Studio with Kitchenette, Non-Smoking",4,151,7.6,2025-01-12,01-05-2025,Jackson Property,The Jackson SouthTown
,2,151,7.6,2025-01-13,01-05-2025,Jackson Property,The Jackson SouthTown
,2,151,7.6,2025-01-13,01-05-2025,Jackson Property,The Jackson SouthTown
,2,171,7.6,2025-01-13,01-05-2025,Jackson Property,The Jackson SouthTown
Junior Suite,2,211,7.6,2025-01-13,01-05-2025,Jackson Property,The Jackson SouthTown
"Full Bunk Bed Studio with Kitchenette, Non-Smoking",3,133,7.6,2025-01-13,01-05-2025,Jackson Property,The Jackson SouthTown
"Full Bunk Bed Studio with Kitchenette, Non-Smoking",4,151,7.6,2025-01-13,01-05-2025,Jackson Property,The Jackson SouthTown
,2,150,7.6,2025-01-14,01-05-2025,Jackson Property,The Jackson SouthTown
,2,150,7.6,2025-01-14,01-05-2025,Jackson Property,The Jackson SouthTown
,2,170,7.6,2025-01-14,01-05-2025,Jackson Property,The Jackson SouthTown
Junior Suite,2,210,7.6,2025-01-14,01-05-2025,Jackson Property,The Jackson SouthTown
"Full Bunk Bed Studio with Kitchenette, Non-Smoking",3,133,7.6,2025-01-14,01-05-2025,Jackson Property,The Jackson SouthTown
"Full Bunk Bed Studio with Kitchenette, Non-Smoking",4,150,7.6,2025-01-14,01-05-2025,Jackson Property,The Jackson SouthTown
,2,155,7.6,2025-01-15,01-05-2025,Jackson Property,The Jackson SouthTown
,2,155,7.6,2025-01-15,01-05-2025,Jackson Property,The Jackson SouthTown
,2,171,7.6,2025-01-15,01-05-2025,Jackson Property,The Jackson SouthTown
Junior Suite,2,215,7.6,2025-01-15,01-05-2025,Jackson Property,The Jackson SouthTown
"Full Bunk Bed Studio with Kitchenette, Non-Smoking",3,133,7.6,2025-01-15,01-05-2025,Jackson Property,The Jackson SouthTown
"Full Bunk Bed Studio with Kitchenette, Non-Smoking",4,155,7.6,2025-01-15,01-05-2025,Jackson Property,The Jackson SouthTown
,2,151,7.6,2025-01-16,01-05-2025,Jackson Property,The Jackson SouthTown
,2,151,7.6,2025-01-16,01-05-2025,Jackson Property,The Jackson SouthTown
,2,162,7.6,2025-01-16,01-05-2025,Jackson Property,The Jackson SouthTown
Junior Suite,2,211,7.6,2025-01-16,01-05-2025,Jackson Property,The Jackson SouthTown
"Full Bunk Bed Studio with Kitchenette, Non-Smoking",3,133,7.6,2025-01-16,01-05-2025,Jackson Property,The Jackson SouthTown
"Full Bunk Bed Studio with Kitchenette, Non-Smoking",4,151,7.6,2025-01-16,01-05-2025,Jackson Property,The Jackson SouthTown
,2,162,7.6,2025-01-17,01-05-2025,Jackson Property,The Jackson SouthTown
,2,162,7.6,2025-01-17,01-05-2025,Jackson Property,The Jackson SouthTown
,2,182,7.6,2025-01-17,01-05-2025,Jackson Property,The Jackson SouthTown
Junior Suite,2,222,7.6,2025-01-17,01-05-2025,Jackson Property,The Jackson SouthTown
"Full Bunk Bed Studio with Kitchenette, Non-Smoking",3,133,7.6,2025-01-17,01-05-2025,Jackson Property,The Jackson SouthTown
"Full Bunk Bed Studio with Kitchenette, Non-Smoking",4,162,7.6,2025-01-17,01-05-2025,Jackson Property,The Jackson SouthTown
,2,186,7.6,2025-01-18,01-05-2025,Jackson Property,The Jackson SouthTown
,2,166,7.6,2025-01-18,01-05-2025,Jackson Property,The Jackson SouthTown
Junior Suite,2,226,7.6,2025-01-18,01-05-2025,Jackson Property,The Jackson SouthTown
"Full Bunk Bed Studio with Kitchenette, Non-Smoking",3,133,7.6,2025-01-18,01-05-2025,Jackson Property,The Jackson SouthTown
"Full Bunk Bed Studio with Kitchenette, Non-Smoking",4,166,7.6,2025-01-18,01-05-2025,Jackson Property,The Jackson SouthTown
,2,173,7.6,2025-01-19,01-05-2025,Jackson Property,The Jackson SouthTown
,2,153,7.6,2025-01-19,01-05-2025,Jackson Property,The Jackson SouthTown
Junior Suite,2,213,7.6,2025-01-19,01-05-2025,Jackson Property,The Jackson SouthTown
"Full Bunk Bed Studio with Kitchenette, Non-Smoking",3,133,7.6,2025-01-19,01-05-2025,Jackson Property,The Jackson SouthTown
"Full Bunk Bed Studio with Kitchenette, Non-Smoking",4,153,7.6,2025-01-19,01-05-2025,Jackson Property,The Jackson SouthTown
,2,171,7.6,2025-01-20,01-05-2025,Jackson Property,The Jackson SouthTown
,2,151,7.6,2025-01-20,01-05-2025,Jackson Property,The Jackson SouthTown
,2,151,7.6,2025-01-20,01-05-2025,Jackson Property,The Jackson SouthTown
Junior Suite,2,211,7.6,2025-01-20,01-05-2025,Jackson Property,The Jackson SouthTown
"Full Bunk Bed Studio with Kitchenette, Non-Smoking",3,133,7.6,2025-01-20,01-05-2025,Jackson Property,The Jackson SouthTown
"Full Bunk Bed Studio with Kitchenette, Non-Smoking",4,151,7.6,2025-01-20,01-05-2025,Jackson Property,The Jackson SouthTown
,2,151,7.6,2025-01-21,01-05-2025,Jackson Property,The Jackson SouthTown
,2,151,7.6,2025-01-21,01-05-2025,Jackson Property,The Jackson SouthTown
,2,171,7.6,2025-01-21,01-05-2025,Jackson Property,The Jackson SouthTown
Junior Suite,2,211,7.6,2025-01-21,01-05-2025,Jackson Property,The Jackson SouthTown
"Full Bunk Bed Studio with Kitchenette, Non-Smoking",3,133,7.6,2025-01-21,01-05-2025,Jackson Property,The Jackson SouthTown
"Full Bunk Bed Studio with Kitchenette, Non-Smoking",4,151,7.6,2025-01-21,01-05-2025,Jackson Property,The Jackson SouthTown
,2,150,7.6,2025-01-22,01-05-2025,Jackson Property,The Jackson SouthTown
,2,150,7.6,2025-01-22,01-05-2025,Jackson Property,The Jackson SouthTown
,2,170,7.6,2025-01-22,01-05-2025,Jackson Property,The Jackson SouthTown
Junior Suite,2,210,7.6,2025-01-22,01-05-2025,Jackson Property,The Jackson SouthTown
"Full Bunk Bed Studio with Kitchenette, Non-Smoking",3,133,7.6,2025-01-22,01-05-2025,Jackson Property,The Jackson SouthTown
"Full Bunk Bed Studio with Kitchenette, Non-Smoking",4,150,7.6,2025-01-22,01-05-2025,Jackson Property,The Jackson SouthTown
,2,156,7.6,2025-01-23,01-05-2025,Jackson Property,The Jackson SouthTown
,2,156,7.6,2025-01-23,01-05-2025,Jackson Property,The Jackson SouthTown
,2,176,7.6,2025-01-23,01-05-2025,Jackson Property,The Jackson SouthTown
Junior Suite,2,216,7.6,2025-01-23,01-05-2025,Jackson Property,The Jackson SouthTown
"Full Bunk Bed Studio with Kitchenette, Non-Smoking",3,133,7.6,2025-01-23,01-05-2025,Jackson Property,The Jackson SouthTown
"Full Bunk Bed Studio with Kitchenette, Non-Smoking",4,156,7.6,2025-01-23,01-05-2025,Jackson Property,The Jackson SouthTown
,2,172,7.6,2025-01-24,01-05-2025,Jackson Property,The Jackson SouthTown
,2,192,7.6,2025-01-24,01-05-2025,Jackson Property,The Jackson SouthTown
Junior Suite,2,232,7.6,2025-01-24,01-05-2025,Jackson Property,The Jackson SouthTown
"Full Bunk Bed Studio with Kitchenette, Non-Smoking",3,133,7.6,2025-01-24,01-05-2025,Jackson Property,The Jackson SouthTown
"Full Bunk Bed Studio with Kitchenette, Non-Smoking",4,172,7.6,2025-01-24,01-05-2025,Jackson Property,The Jackson SouthTown
,2,161,7.6,2025-01-25,01-05-2025,Jackson Property,The Jackson SouthTown
,2,181,7.6,2025-01-25,01-05-2025,Jackson Property,The Jackson SouthTown
Junior Suite,2,221,7.6,2025-01-25,01-05-2025,Jackson Property,The Jackson SouthTown
"Full Bunk Bed Studio with Kitchenette, Non-Smoking",3,133,7.6,2025-01-25,01-05-2025,Jackson Property,The Jackson SouthTown
"Full Bunk Bed Studio with Kitchenette, Non-Smoking",4,161,7.6,2025-01-25,01-05-2025,Jackson Property,The Jackson SouthTown
,2,173,7.6,2025-01-26,01-05-2025,Jackson Property,The Jackson SouthTown
,2,153,7.6,2025-01-26,01-05-2025,Jackson Property,The Jackson SouthTown
Junior Suite,2,213,7.6,2025-01-26,01-05-2025,Jackson Property,The Jackson SouthTown
"Full Bunk Bed Studio with Kitchenette, Non-Smoking",3,133,7.6,2025-01-26,01-05-2025,Jackson Property,The Jackson SouthTown
"Full Bunk Bed Studio with Kitchenette, Non-Smoking",4,153,7.6,2025-01-26,01-05-2025,Jackson Property,The Jackson SouthTown
,2,154,7.6,2025-01-27,01-05-2025,Jackson Property,The Jackson SouthTown
,2,174,7.6,2025-01-27,01-05-2025,Jackson Property,The Jackson SouthTown
Junior Suite,2,214,7.6,2025-01-27,01-05-2025,Jackson Property,The Jackson SouthTown
"Full Bunk Bed Studio with Kitchenette, Non-Smoking",3,133,7.6,2025-01-27,01-05-2025,Jackson Property,The Jackson SouthTown
"Full Bunk Bed Studio with Kitchenette, Non-Smoking",4,154,7.6,2025-01-27,01-05-2025,Jackson Property,The Jackson SouthTown
,2,173,7.6,2025-01-28,01-05-2025,Jackson Property,The Jackson SouthTown
,2,153,7.6,2025-01-28,01-05-2025,Jackson Property,The Jackson SouthTown
,2,153,7.6,2025-01-28,01-05-2025,Jackson Property,The Jackson SouthTown
Junior Suite,2,213,7.6,2025-01-28,01-05-2025,Jackson Property,The Jackson SouthTown
"Full Bunk Bed Studio with Kitchenette, Non-Smoking",3,133,7.6,2025-01-28,01-05-2025,Jackson Property,The Jackson SouthTown
"Full Bunk Bed Studio with Kitchenette, Non-Smoking",4,153,7.6,2025-01-28,01-05-2025,Jackson Property,The Jackson SouthTown
,2,151,7.6,2025-01-29,01-05-2025,Jackson Property,The Jackson SouthTown
,2,151,7.6,2025-01-29,01-05-2025,Jackson Property,The Jackson SouthTown
,2,171,7.6,2025-01-29,01-05-2025,Jackson Property,The Jackson SouthTown
Junior Suite,2,211,7.6,2025-01-29,01-05-2025,Jackson Property,The Jackson SouthTown
"Full Bunk Bed Studio with Kitchenette, Non-Smoking",3,133,7.6,2025-01-29,01-05-2025,Jackson Property,The Jackson SouthTown
"Full Bunk Bed Studio with Kitchenette, Non-Smoking",4,151,7.6,2025-01-29,01-05-2025,Jackson Property,The Jackson SouthTown
,2,154,7.6,2025-01-30,01-05-2025,Jackson Property,The Jackson SouthTown
,2,154,7.6,2025-01-30,01-05-2025,Jackson Property,The Jackson SouthTown
,2,174,7.6,2025-01-30,01-05-2025,Jackson Property,The Jackson SouthTown
Junior Suite,2,214,7.6,2025-01-30,01-05-2025,Jackson Property,The Jackson SouthTown
"Full Bunk Bed Studio with Kitchenette, Non-Smoking",3,133,7.6,2025-01-30,01-05-2025,Jackson Property,The Jackson SouthTown
"Full Bunk Bed Studio with Kitchenette, Non-Smoking",4,154,7.6,2025-01-30,01-05-2025,Jackson Property,The Jackson SouthTown
,2,161,7.6,2025-01-31,01-05-2025,Jackson Property,The Jackson SouthTown
,2,181,7.6,2025-01-31,01-05-2025,Jackson Property,The Jackson SouthTown
Junior Suite,2,221,7.6,2025-01-31,01-05-2025,Jackson Property,The Jackson SouthTown
"Full Bunk Bed Studio with Kitchenette, Non-Smoking",3,133,7.6,2025-01-31,01-05-2025,Jackson Property,The Jackson SouthTown
"Full Bunk Bed Studio with Kitchenette, Non-Smoking",4,161,7.6,2025-01-31,01-05-2025,Jackson Property,The Jackson SouthTown
,2,198,7.6,2025-02-01,01-05-2025,Jackson Property,The Jackson SouthTown
,2,178,7.6,2025-02-01,01-05-2025,Jackson Property,The Jackson SouthTown
Junior Suite,2,238,7.6,2025-02-01,01-05-2025,Jackson Property,The Jackson SouthTown
"Full Bunk Bed Studio with Kitchenette, Non-Smoking",3,165,7.6,2025-02-01,01-05-2025,Jackson Property,The Jackson SouthTown
"Full Bunk Bed Studio with Kitchenette, Non-Smoking",4,178,7.6,2025-02-01,01-05-2025,Jackson Property,The Jackson SouthTown
,2,183,7.6,2025-02-02,01-05-2025,Jackson Property,The Jackson SouthTown
,2,163,7.6,2025-02-02,01-05-2025,Jackson Property,The Jackson SouthTown
Junior Suite,2,223,7.6,2025-02-02,01-05-2025,Jackson Property,The Jackson SouthTown
"Full Bunk Bed Studio with Kitchenette, Non-Smoking",3,165,7.6,2025-02-02,01-05-2025,Jackson Property,The Jackson SouthTown
"Full Bunk Bed Studio with Kitchenette, Non-Smoking",4,163,7.6,2025-02-02,01-05-2025,Jackson Property,The Jackson SouthTown
,2,167,7.6,2025-02-03,01-05-2025,Jackson Property,The Jackson SouthTown
,2,147,7.6,2025-02-03,01-05-2025,Jackson Property,The Jackson SouthTown
Junior Suite,2,207,7.6,2025-02-03,01-05-2025,Jackson Property,The Jackson SouthTown
"Full Bunk Bed Studio with Kitchenette, Non-Smoking",3,165,7.6,2025-02-03,01-05-2025,Jackson Property,The Jackson SouthTown
"Full Bunk Bed Studio with Kitchenette, Non-Smoking",4,147,7.6,2025-02-03,01-05-2025,Jackson Property,The Jackson SouthTown
,2,147,7.6,2025-02-04,01-05-2025,Jackson Property,The Jackson SouthTown
,2,167,7.6,2025-02-04,01-05-2025,Jackson Property,The Jackson SouthTown
Junior Suite,2,207,7.6,2025-02-04,01-05-2025,Jackson Property,The Jackson SouthTown
"Full Bunk Bed Studio with Kitchenette, Non-Smoking",3,165,7.6,2025-02-04,01-05-2025,Jackson Property,The Jackson SouthTown
"Full Bunk Bed Studio with Kitchenette, Non-Smoking",4,147,7.6,2025-02-04,01-05-2025,Jackson Property,The Jackson SouthTown
King Room,2,215,9.1,2025-01-06,01-05-2025,Jackson Property,Wyoming Inn of Jackson Hole
King Room with Roll-In Shower - Disability Access,2,215,9.1,2025-01-06,01-05-2025,Jackson Property,Wyoming Inn of Jackson Hole
Queen Room - Disability Access,2,239,9.1,2025-01-06,01-05-2025,Jackson Property,Wyoming Inn of Jackson Hole
Queen Room - Disability Access,3,259,9.1,2025-01-06,01-05-2025,Jackson Property,Wyoming Inn of Jackson Hole
Queen Room - Disability Access,4,279,9.1,2025-01-06,01-05-2025,Jackson Property,Wyoming Inn of Jackson Hole
Queen Room with Two Queen Beds,2,239,9.1,2025-01-06,01-05-2025,Jackson Property,Wyoming Inn of Jackson Hole
Queen Room with Two Queen Beds,3,259,9.1,2025-01-06,01-05-2025,Jackson Property,Wyoming Inn of Jackson Hole
Queen Room with Two Queen Beds,4,279,9.1,2025-01-06,01-05-2025,Jackson Property,Wyoming Inn of Jackson Hole
Deluxe Double Room,2,271,9.1,2025-01-06,01-05-2025,Jackson Property,Wyoming Inn of Jackson Hole
Superior King Room,2,271,9.1,2025-01-06,01-05-2025,Jackson Property,Wyoming Inn of Jackson Hole
King Suite,2,351,9.1,2025-01-06,01-05-2025,Jackson Property,Wyoming Inn of Jackson Hole
King Suite,3,371,9.1,2025-01-06,01-05-2025,Jackson Property,Wyoming Inn of Jackson Hole
King Suite,4,391,9.1,2025-01-06,01-05-2025,Jackson Property,Wyoming Inn of Jackson Hole
King Room,2,215,9.1,2025-01-07,01-05-2025,Jackson Property,Wyoming Inn of Jackson Hole
King Room with Roll-In Shower - Disability Access,2,215,9.1,2025-01-07,01-05-2025,Jackson Property,Wyoming Inn of Jackson Hole
Queen Room - Disability Access,2,247,9.1,2025-01-07,01-05-2025,Jackson Property,Wyoming Inn of Jackson Hole
Queen Room - Disability Access,3,267,9.1,2025-01-07,01-05-2025,Jackson Property,Wyoming Inn of Jackson Hole
Queen Room - Disability Access,4,287,9.1,2025-01-07,01-05-2025,Jackson Property,Wyoming Inn of Jackson Hole
Queen Room with Two Queen Beds,2,247,9.1,2025-01-07,01-05-2025,Jackson Property,Wyoming Inn of Jackson Hole
Queen Room with Two Queen Beds,3,267,9.1,2025-01-07,01-05-2025,Jackson Property,Wyoming Inn of Jackson Hole
Queen Room with Two Queen Beds,4,287,9.1,2025-01-07,01-05-2025,Jackson Property,Wyoming Inn of Jackson Hole
Deluxe Double Room,2,295,9.1,2025-01-07,01-05-2025,Jackson Property,Wyoming Inn of Jackson Hole
Superior King Room,2,295,9.1,2025-01-07,01-05-2025,Jackson Property,Wyoming Inn of Jackson Hole
King Suite,2,383,9.1,2025-01-07,01-05-2025,Jackson Property,Wyoming Inn of Jackson Hole
King Suite,3,403,9.1,2025-01-07,01-05-2025,Jackson Property,Wyoming Inn of Jackson Hole
King Suite,4,423,9.1,2025-01-07,01-05-2025,Jackson Property,Wyoming Inn of Jackson Hole
King Room,2,215,9.1,2025-01-08,01-05-2025,Jackson Property,Wyoming Inn of Jackson Hole
King Room,2,269,9.1,2025-01-08,01-05-2025,Jackson Property,Wyoming Inn of Jackson Hole
King Room with Roll-In Shower - Disability Access,2,215,9.1,2025-01-08,01-05-2025,Jackson Property,Wyoming Inn of Jackson Hole
King Room with Roll-In Shower - Disability Access,2,269,9.1,2025-01-08,01-05-2025,Jackson Property,Wyoming Inn of Jackson Hole
Queen Room - Disability Access,2,239,9.1,2025-01-08,01-05-2025,Jackson Property,Wyoming Inn of Jackson Hole
Queen Room - Disability Access,2,299,9.1,2025-01-08,01-05-2025,Jackson Property,Wyoming Inn of Jackson Hole
Queen Room - Disability Access,3,259,9.1,2025-01-08,01-05-2025,Jackson Property,Wyoming Inn of Jackson Hole
Queen Room - Disability Access,3,319,9.1,2025-01-08,01-05-2025,Jackson Property,Wyoming Inn of Jackson Hole
Queen Room - Disability Access,4,279,9.1,2025-01-08,01-05-2025,Jackson Property,Wyoming Inn of Jackson Hole
Queen Room - Disability Access,4,339,9.1,2025-01-08,01-05-2025,Jackson Property,Wyoming Inn of Jackson Hole
Queen Room with Two Queen Beds,2,239,9.1,2025-01-08,01-05-2025,Jackson Property,Wyoming Inn of Jackson Hole
Queen Room with Two Queen Beds,2,299,9.1,2025-01-08,01-05-2025,Jackson Property,Wyoming Inn of Jackson Hole
Queen Room with Two Queen Beds,3,259,9.1,2025-01-08,01-05-2025,Jackson Property,Wyoming Inn of Jackson Hole
Queen Room with Two Queen Beds,3,319,9.1,2025-01-08,01-05-2025,Jackson Property,Wyoming Inn of Jackson Hole
Queen Room with Two Queen Beds,4,279,9.1,2025-01-08,01-05-2025,Jackson Property,Wyoming Inn of Jackson Hole
Queen Room with Two Queen Beds,4,339,9.1,2025-01-08,01-05-2025,Jackson Property,Wyoming Inn of Jackson Hole
Deluxe Double Room,2,255,9.1,2025-01-08,01-05-2025,Jackson Property,Wyoming Inn of Jackson Hole
Deluxe Double Room,2,319,9.1,2025-01-08,01-05-2025,Jackson Property,Wyoming Inn of Jackson Hole
Superior King Room,2,255,9.1,2025-01-08,01-05-2025,Jackson Property,Wyoming Inn of Jackson Hole
Superior King Room,2,319,9.1,2025-01-08,01-05-2025,Jackson Property,Wyoming Inn of Jackson Hole
Deluxe King Room,2,263,9.1,2025-01-08,01-05-2025,Jackson Property,Wyoming Inn of Jackson Hole
Deluxe King Room,2,339,9.1,2025-01-08,01-05-2025,Jackson Property,Wyoming Inn of Jackson Hole
Deluxe King Room,1 Only for 1 guest,329,9.1,2025-01-08,01-05-2025,Jackson Property,Wyoming Inn of Jackson Hole
King Suite,2,343,9.1,2025-01-08,01-05-2025,Jackson Property,Wyoming Inn of Jackson Hole
King Suite,2,429,9.1,2025-01-08,01-05-2025,Jackson Property,Wyoming Inn of Jackson Hole
King Suite,3,363,9.1,2025-01-08,01-05-2025,Jackson Property,Wyoming Inn of Jackson Hole
King Suite,3,449,9.1,2025-01-08,01-05-2025,Jackson Property,Wyoming Inn of Jackson Hole
King Suite,4,383,9.1,2025-01-08,01-05-2025,Jackson Property,Wyoming Inn of Jackson Hole
King Suite,4,469,9.1,2025-01-08,01-05-2025,Jackson Property,Wyoming Inn of Jackson Hole
King Room,2,215,9.1,2025-01-09,01-05-2025,Jackson Property,Wyoming Inn of Jackson Hole
King Room with Roll-In Shower - Disability Access,2,215,9.1,2025-01-09,01-05-2025,Jackson Property,Wyoming Inn of Jackson Hole
Queen Room with Two Queen Beds,2,239,9.1,2025-01-09,01-05-2025,Jackson Property,Wyoming Inn of Jackson Hole
Queen Room with Two Queen Beds,3,259,9.1,2025-01-09,01-05-2025,Jackson Property,Wyoming Inn of Jackson Hole
Queen Room with Two Queen Beds,4,279,9.1,2025-01-09,01-05-2025,Jackson Property,Wyoming Inn of Jackson Hole
Queen Room - Disability Access,2,239,9.1,2025-01-09,01-05-2025,Jackson Property,Wyoming Inn of Jackson Hole
Queen Room - Disability Access,3,259,9.1,2025-01-09,01-05-2025,Jackson Property,Wyoming Inn of Jackson Hole
Queen Room - Disability Access,4,279,9.1,2025-01-09,01-05-2025,Jackson Property,Wyoming Inn of Jackson Hole
Superior King Room,2,271,9.1,2025-01-09,01-05-2025,Jackson Property,Wyoming Inn of Jackson Hole
Deluxe Double Room,2,271,9.1,2025-01-09,01-05-2025,Jackson Property,Wyoming Inn of Jackson Hole
Deluxe King Room,2,279,9.1,2025-01-09,01-05-2025,Jackson Property,Wyoming Inn of Jackson Hole
Deluxe King Room,1 Only for 1 guest,349,9.1,2025-01-09,01-05-2025,Jackson Property,Wyoming Inn of Jackson Hole
King Suite,2,359,9.1,2025-01-09,01-05-2025,Jackson Property,Wyoming Inn of Jackson Hole
King Suite,3,379,9.1,2025-01-09,01-05-2025,Jackson Property,Wyoming Inn of Jackson Hole
King Suite,4,399,9.1,2025-01-09,01-05-2025,Jackson Property,Wyoming Inn of Jackson Hole
King Room,2,239,9.1,2025-01-10,01-05-2025,Jackson Property,Wyoming Inn of Jackson Hole
King Room with Roll-In Shower - Disability Access,2,239,9.1,2025-01-10,01-05-2025,Jackson Property,Wyoming Inn of Jackson Hole
Queen Room with Two Queen Beds,2,239,9.1,2025-01-10,01-05-2025,Jackson Property,Wyoming Inn of Jackson Hole
Queen Room with Two Queen Beds,3,259,9.1,2025-01-10,01-05-2025,Jackson Property,Wyoming Inn of Jackson Hole
Queen Room with Two Queen Beds,4,279,9.1,2025-01-10,01-05-2025,Jackson Property,Wyoming Inn of Jackson Hole
Queen Room - Disability Access,2,239,9.1,2025-01-10,01-05-2025,Jackson Property,Wyoming Inn of Jackson Hole
Queen Room - Disability Access,3,259,9.1,2025-01-10,01-05-2025,Jackson Property,Wyoming Inn of Jackson Hole
Queen Room - Disability Access,4,279,9.1,2025-01-10,01-05-2025,Jackson Property,Wyoming Inn of Jackson Hole
Deluxe Double Room,2,279,9.1,2025-01-10,01-05-2025,Jackson Property,Wyoming Inn of Jackson Hole
Superior King Room,2,279,9.1,2025-01-10,01-05-2025,Jackson Property,Wyoming Inn of Jackson Hole
King Suite,2,367,9.1,2025-01-10,01-05-2025,Jackson Property,Wyoming Inn of Jackson Hole
King Suite,3,387,9.1,2025-01-10,01-05-2025,Jackson Property,Wyoming Inn of Jackson Hole
King Suite,4,407,9.1,2025-01-10,01-05-2025,Jackson Property,Wyoming Inn of Jackson Hole
King Room,2,239,9.1,2025-01-11,01-05-2025,Jackson Property,Wyoming Inn of Jackson Hole
Queen Room with Two Queen Beds,2,239,9.1,2025-01-11,01-05-2025,Jackson Property,Wyoming Inn of Jackson Hole
Queen Room with Two Queen Beds,3,259,9.1,2025-01-11,01-05-2025,Jackson Property,Wyoming Inn of Jackson Hole
Queen Room with Two Queen Beds,4,279,9.1,2025-01-11,01-05-2025,Jackson Property,Wyoming Inn of Jackson Hole
King Room with Roll-In Shower - Disability Access,2,239,9.1,2025-01-11,01-05-2025,Jackson Property,Wyoming Inn of Jackson Hole
Queen Room - Disability Access,2,239,9.1,2025-01-11,01-05-2025,Jackson Property,Wyoming Inn of Jackson Hole
Queen Room - Disability Access,3,259,9.1,2025-01-11,01-05-2025,Jackson Property,Wyoming Inn of Jackson Hole
Queen Room - Disability Access,4,279,9.1,2025-01-11,01-05-2025,Jackson Property,Wyoming Inn of Jackson Hole
Superior King Room,2,279,9.1,2025-01-11,01-05-2025,Jackson Property,Wyoming Inn of Jackson Hole
Deluxe Double Room,2,279,9.1,2025-01-11,01-05-2025,Jackson Property,Wyoming Inn of Jackson Hole
King Suite,2,367,9.1,2025-01-11,01-05-2025,Jackson Property,Wyoming Inn of Jackson Hole
King Suite,3,387,9.1,2025-01-11,01-05-2025,Jackson Property,Wyoming Inn of Jackson Hole
King Suite,4,407,9.1,2025-01-11,01-05-2025,Jackson Property,Wyoming Inn of Jackson Hole
King Room,2,215,9.1,2025-01-12,01-05-2025,Jackson Property,Wyoming Inn of Jackson Hole
Queen Room with Two Queen Beds,2,215,9.1,2025-01-12,01-05-2025,Jackson Property,Wyoming Inn of Jackson Hole
Queen Room with Two Queen Beds,3,235,9.1,2025-01-12,01-05-2025,Jackson Property,Wyoming Inn of Jackson Hole
Queen Room with Two Queen Beds,4,255,9.1,2025-01-12,01-05-2025,Jackson Property,Wyoming Inn of Jackson Hole
King Room with Roll-In Shower - Disability Access,2,215,9.1,2025-01-12,01-05-2025,Jackson Property,Wyoming Inn of Jackson Hole
Queen Room - Disability Access,2,215,9.1,2025-01-12,01-05-2025,Jackson Property,Wyoming Inn of Jackson Hole
Queen Room - Disability Access,3,235,9.1,2025-01-12,01-05-2025,Jackson Property,Wyoming Inn of Jackson Hole
Queen Room - Disability Access,4,255,9.1,2025-01-12,01-05-2025,Jackson Property,Wyoming Inn of Jackson Hole
Superior King Room,2,255,9.1,2025-01-12,01-05-2025,Jackson Property,Wyoming Inn of Jackson Hole
Deluxe Double Room,2,255,9.1,2025-01-12,01-05-2025,Jackson Property,Wyoming Inn of Jackson Hole
King Suite,2,343,9.1,2025-01-12,01-05-2025,Jackson Property,Wyoming Inn of Jackson Hole
King Suite,3,363,9.1,2025-01-12,01-05-2025,Jackson Property,Wyoming Inn of Jackson Hole
King Suite,4,383,9.1,2025-01-12,01-05-2025,Jackson Property,Wyoming Inn of Jackson Hole
King Room,2,215,9.1,2025-01-13,01-05-2025,Jackson Property,Wyoming Inn of Jackson Hole
King Room,2,269,9.1,2025-01-13,01-05-2025,Jackson Property,Wyoming Inn of Jackson Hole
Queen Room with Two Queen Beds,2,247,9.1,2025-01-13,01-05-2025,Jackson Property,Wyoming Inn of Jackson Hole
Queen Room with Two Queen Beds,2,309,9.1,2025-01-13,01-05-2025,Jackson Property,Wyoming Inn of Jackson Hole
Queen Room with Two Queen Beds,3,267,9.1,2025-01-13,01-05-2025,Jackson Property,Wyoming Inn of Jackson Hole
Queen Room with Two Queen Beds,3,329,9.1,2025-01-13,01-05-2025,Jackson Property,Wyoming Inn of Jackson Hole
Queen Room with Two Queen Beds,4,287,9.1,2025-01-13,01-05-2025,Jackson Property,Wyoming Inn of Jackson Hole
Queen Room with Two Queen Beds,4,349,9.1,2025-01-13,01-05-2025,Jackson Property,Wyoming Inn of Jackson Hole
King Room with Roll-In Shower - Disability Access,2,215,9.1,2025-01-13,01-05-2025,Jackson Property,Wyoming Inn of Jackson Hole
King Room with Roll-In Shower - Disability Access,2,269,9.1,2025-01-13,01-05-2025,Jackson Property,Wyoming Inn of Jackson Hole
Queen Room - Disability Access,2,247,9.1,2025-01-13,01-05-2025,Jackson Property,Wyoming Inn of Jackson Hole
Queen Room - Disability Access,2,309,9.1,2025-01-13,01-05-2025,Jackson Property,Wyoming Inn of Jackson Hole
Queen Room - Disability Access,3,267,9.1,2025-01-13,01-05-2025,Jackson Property,Wyoming Inn of Jackson Hole
Queen Room - Disability Access,3,329,9.1,2025-01-13,01-05-2025,Jackson Property,Wyoming Inn of Jackson Hole
Queen Room - Disability Access,4,287,9.1,2025-01-13,01-05-2025,Jackson Property,Wyoming Inn of Jackson Hole
Queen Room - Disability Access,4,349,9.1,2025-01-13,01-05-2025,Jackson Property,Wyoming Inn of Jackson Hole
Superior King Room,2,255,9.1,2025-01-13,01-05-2025,Jackson Property,Wyoming Inn of Jackson Hole
Superior King Room,2,319,9.1,2025-01-13,01-05-2025,Jackson Property,Wyoming Inn of Jackson Hole
Deluxe Double Room,2,255,9.1,2025-01-13,01-05-2025,Jackson Property,Wyoming Inn of Jackson Hole
Deluxe Double Room,2,319,9.1,2025-01-13,01-05-2025,Jackson Property,Wyoming Inn of Jackson Hole
King Suite,2,383,9.1,2025-01-13,01-05-2025,Jackson Property,Wyoming Inn of Jackson Hole
King Suite,2,479,9.1,2025-01-13,01-05-2025,Jackson Property,Wyoming Inn of Jackson Hole
King Suite,3,403,9.1,2025-01-13,01-05-2025,Jackson Property,Wyoming Inn of Jackson Hole
King Suite,3,499,9.1,2025-01-13,01-05-2025,Jackson Property,Wyoming Inn of Jackson Hole
King Suite,4,423,9.1,2025-01-13,01-05-2025,Jackson Property,Wyoming Inn of Jackson Hole
King Suite,4,519,9.1,2025-01-13,01-05-2025,Jackson Property,Wyoming Inn of Jackson Hole
King Room,2,215,9.1,2025-01-14,01-05-2025,Jackson Property,Wyoming Inn of Jackson Hole
King Room,2,269,9.1,2025-01-14,01-05-2025,Jackson Property,Wyoming Inn of Jackson Hole
King Room with Roll-In Shower - Disability Access,2,215,9.1,2025-01-14,01-05-2025,Jackson Property,Wyoming Inn of Jackson Hole
King Room with Roll-In Shower - Disability Access,2,269,9.1,2025-01-14,01-05-2025,Jackson Property,Wyoming Inn of Jackson Hole
Queen Room with Two Queen Beds,2,247,9.1,2025-01-14,01-05-2025,Jackson Property,Wyoming Inn of Jackson Hole
Queen Room with Two Queen Beds,2,309,9.1,2025-01-14,01-05-2025,Jackson Property,Wyoming Inn of Jackson Hole
Queen Room with Two Queen Beds,3,267,9.1,2025-01-14,01-05-2025,Jackson Property,Wyoming Inn of Jackson Hole
Queen Room with Two Queen Beds,3,329,9.1,2025-01-14,01-05-2025,Jackson Property,Wyoming Inn of Jackson Hole
Queen Room with Two Queen Beds,4,287,9.1,2025-01-14,01-05-2025,Jackson Property,Wyoming Inn of Jackson Hole
Queen Room with Two Queen Beds,4,349,9.1,2025-01-14,01-05-2025,Jackson Property,Wyoming Inn of Jackson Hole
Queen Room - Disability Access,2,247,9.1,2025-01-14,01-05-2025,Jackson Property,Wyoming Inn of Jackson Hole
Queen Room - Disability Access,2,309,9.1,2025-01-14,01-05-2025,Jackson Property,Wyoming Inn of Jackson Hole
Queen Room - Disability Access,3,267,9.1,2025-01-14,01-05-2025,Jackson Property,Wyoming Inn of Jackson Hole
Queen Room - Disability Access,3,329,9.1,2025-01-14,01-05-2025,Jackson Property,Wyoming Inn of Jackson Hole
Queen Room - Disability Access,4,287,9.1,2025-01-14,01-05-2025,Jackson Property,Wyoming Inn of Jackson Hole
Queen Room - Disability Access,4,349,9.1,2025-01-14,01-05-2025,Jackson Property,Wyoming Inn of Jackson Hole
Superior King Room,2,255,9.1,2025-01-14,01-05-2025,Jackson Property,Wyoming Inn of Jackson Hole
Superior King Room,2,319,9.1,2025-01-14,01-05-2025,Jackson Property,Wyoming Inn of Jackson Hole
Deluxe Double Room,2,255,9.1,2025-01-14,01-05-2025,Jackson Property,Wyoming Inn of Jackson Hole
Deluxe Double Room,2,319,9.1,2025-01-14,01-05-2025,Jackson Property,Wyoming Inn of Jackson Hole
King Suite,2,351,9.1,2025-01-14,01-05-2025,Jackson Property,Wyoming Inn of Jackson Hole
King Suite,2,439,9.1,2025-01-14,01-05-2025,Jackson Property,Wyoming Inn of Jackson Hole
King Suite,3,371,9.1,2025-01-14,01-05-2025,Jackson Property,Wyoming Inn of Jackson Hole
King Suite,3,459,9.1,2025-01-14,01-05-2025,Jackson Property,Wyoming Inn of Jackson Hole
King Suite,4,391,9.1,2025-01-14,01-05-2025,Jackson Property,Wyoming Inn of Jackson Hole
King Suite,4,479,9.1,2025-01-14,01-05-2025,Jackson Property,Wyoming Inn of Jackson Hole
King Room,2,215,9.1,2025-01-15,01-05-2025,Jackson Property,Wyoming Inn of Jackson Hole
King Room,2,269,9.1,2025-01-15,01-05-2025,Jackson Property,Wyoming Inn of Jackson Hole
Queen Room with Two Queen Beds,2,215,9.1,2025-01-15,01-05-2025,Jackson Property,Wyoming Inn of Jackson Hole
Queen Room with Two Queen Beds,2,269,9.1,2025-01-15,01-05-2025,Jackson Property,Wyoming Inn of Jackson Hole
Queen Room with Two Queen Beds,3,235,9.1,2025-01-15,01-05-2025,Jackson Property,Wyoming Inn of Jackson Hole
Queen Room with Two Queen Beds,3,289,9.1,2025-01-15,01-05-2025,Jackson Property,Wyoming Inn of Jackson Hole
Queen Room with Two Queen Beds,4,255,9.1,2025-01-15,01-05-2025,Jackson Property,Wyoming Inn of Jackson Hole
Queen Room with Two Queen Beds,4,309,9.1,2025-01-15,01-05-2025,Jackson Property,Wyoming Inn of Jackson Hole
King Room with Roll-In Shower - Disability Access,2,215,9.1,2025-01-15,01-05-2025,Jackson Property,Wyoming Inn of Jackson Hole
King Room with Roll-In Shower - Disability Access,2,269,9.1,2025-01-15,01-05-2025,Jackson Property,Wyoming Inn of Jackson Hole
Queen Room - Disability Access,2,215,9.1,2025-01-15,01-05-2025,Jackson Property,Wyoming Inn of Jackson Hole
Queen Room - Disability Access,2,269,9.1,2025-01-15,01-05-2025,Jackson Property,Wyoming Inn of Jackson Hole
Queen Room - Disability Access,3,235,9.1,2025-01-15,01-05-2025,Jackson Property,Wyoming Inn of Jackson Hole
Queen Room - Disability Access,3,289,9.1,2025-01-15,01-05-2025,Jackson Property,Wyoming Inn of Jackson Hole
Queen Room - Disability Access,4,255,9.1,2025-01-15,01-05-2025,Jackson Property,Wyoming Inn of Jackson Hole
Queen Room - Disability Access,4,309,9.1,2025-01-15,01-05-2025,Jackson Property,Wyoming Inn of Jackson Hole
Superior King Room,2,255,9.1,2025-01-15,01-05-2025,Jackson Property,Wyoming Inn of Jackson Hole
Superior King Room,2,319,9.1,2025-01-15,01-05-2025,Jackson Property,Wyoming Inn of Jackson Hole
Deluxe Double Room,2,255,9.1,2025-01-15,01-05-2025,Jackson Property,Wyoming Inn of Jackson Hole
Deluxe Double Room,2,319,9.1,2025-01-15,01-05-2025,Jackson Property,Wyoming Inn of Jackson Hole
Deluxe King Room,2,263,9.1,2025-01-15,01-05-2025,Jackson Property,Wyoming Inn of Jackson Hole
Deluxe King Room,2,339,9.1,2025-01-15,01-05-2025,Jackson Property,Wyoming Inn of Jackson Hole
Deluxe King Room,1 Only for 1 guest,329,9.1,2025-01-15,01-05-2025,Jackson Property,Wyoming Inn of Jackson Hole
King Suite,2,351,9.1,2025-01-15,01-05-2025,Jackson Property,Wyoming Inn of Jackson Hole
King Suite,2,439,9.1,2025-01-15,01-05-2025,Jackson Property,Wyoming Inn of Jackson Hole
King Suite,3,371,9.1,2025-01-15,01-05-2025,Jackson Property,Wyoming Inn of Jackson Hole
King Suite,3,459,9.1,2025-01-15,01-05-2025,Jackson Property,Wyoming Inn of Jackson Hole
King Suite,4,391,9.1,2025-01-15,01-05-2025,Jackson Property,Wyoming Inn of Jackson Hole
King Suite,4,479,9.1,2025-01-15,01-05-2025,Jackson Property,Wyoming Inn of Jackson Hole
King Room,2,215,9.1,2025-01-16,01-05-2025,Jackson Property,Wyoming Inn of Jackson Hole
King Room,2,269,9.1,2025-01-16,01-05-2025,Jackson Property,Wyoming Inn of Jackson Hole
Queen Room with Two Queen Beds,2,215,9.1,2025-01-16,01-05-2025,Jackson Property,Wyoming Inn of Jackson Hole
Queen Room with Two Queen Beds,2,269,9.1,2025-01-16,01-05-2025,Jackson Property,Wyoming Inn of Jackson Hole
Queen Room with Two Queen Beds,3,235,9.1,2025-01-16,01-05-2025,Jackson Property,Wyoming Inn of Jackson Hole
Queen Room with Two Queen Beds,3,289,9.1,2025-01-16,01-05-2025,Jackson Property,Wyoming Inn of Jackson Hole
Queen Room with Two Queen Beds,4,255,9.1,2025-01-16,01-05-2025,Jackson Property,Wyoming Inn of Jackson Hole
Queen Room with Two Queen Beds,4,309,9.1,2025-01-16,01-05-2025,Jackson Property,Wyoming Inn of Jackson Hole
King Room with Roll-In Shower - Disability Access,2,215,9.1,2025-01-16,01-05-2025,Jackson Property,Wyoming Inn of Jackson Hole
King Room with Roll-In Shower - Disability Access,2,269,9.1,2025-01-16,01-05-2025,Jackson Property,Wyoming Inn of Jackson Hole
Queen Room - Disability Access,2,215,9.1,2025-01-16,01-05-2025,Jackson Property,Wyoming Inn of Jackson Hole
Queen Room - Disability Access,2,269,9.1,2025-01-16,01-05-2025,Jackson Property,Wyoming Inn of Jackson Hole
Queen Room - Disability Access,3,235,9.1,2025-01-16,01-05-2025,Jackson Property,Wyoming Inn of Jackson Hole
Queen Room - Disability Access,3,289,9.1,2025-01-16,01-05-2025,Jackson Property,Wyoming Inn of Jackson Hole
Queen Room - Disability Access,4,255,9.1,2025-01-16,01-05-2025,Jackson Property,Wyoming Inn of Jackson Hole
Queen Room - Disability Access,4,309,9.1,2025-01-16,01-05-2025,Jackson Property,Wyoming Inn of Jackson Hole
Superior King Room,2,255,9.1,2025-01-16,01-05-2025,Jackson Property,Wyoming Inn of Jackson Hole
Superior King Room,2,319,9.1,2025-01-16,01-05-2025,Jackson Property,Wyoming Inn of Jackson Hole
Deluxe Double Room,2,255,9.1,2025-01-16,01-05-2025,Jackson Property,Wyoming Inn of Jackson Hole
Deluxe Double Room,2,319,9.1,2025-01-16,01-05-2025,Jackson Property,Wyoming Inn of Jackson Hole
Deluxe King Room,2,263,9.1,2025-01-16,01-05-2025,Jackson Property,Wyoming Inn of Jackson Hole
Deluxe King Room,2,339,9.1,2025-01-16,01-05-2025,Jackson Property,Wyoming Inn of Jackson Hole
Deluxe King Room,1 Only for 1 guest,329,9.1,2025-01-16,01-05-2025,Jackson Property,Wyoming Inn of Jackson Hole
King Suite,2,343,9.1,2025-01-16,01-05-2025,Jackson Property,Wyoming Inn of Jackson Hole
King Suite,2,429,9.1,2025-01-16,01-05-2025,Jackson Property,Wyoming Inn of Jackson Hole
King Suite,3,363,9.1,2025-01-16,01-05-2025,Jackson Property,Wyoming Inn of Jackson Hole
King Suite,3,449,9.1,2025-01-16,01-05-2025,Jackson Property,Wyoming Inn of Jackson Hole
King Suite,4,383,9.1,2025-01-16,01-05-2025,Jackson Property,Wyoming Inn of Jackson Hole
King Suite,4,469,9.1,2025-01-16,01-05-2025,Jackson Property,Wyoming Inn of Jackson Hole
King Room,2,239,9.1,2025-01-17,01-05-2025,Jackson Property,Wyoming Inn of Jackson Hole
King Room,2,299,9.1,2025-01-17,01-05-2025,Jackson Property,Wyoming Inn of Jackson Hole
Queen Room with Two Queen Beds,2,239,9.1,2025-01-17,01-05-2025,Jackson Property,Wyoming Inn of Jackson Hole
Queen Room with Two Queen Beds,2,299,9.1,2025-01-17,01-05-2025,Jackson Property,Wyoming Inn of Jackson Hole
Queen Room with Two Queen Beds,3,259,9.1,2025-01-17,01-05-2025,Jackson Property,Wyoming Inn of Jackson Hole
Queen Room with Two Queen Beds,3,319,9.1,2025-01-17,01-05-2025,Jackson Property,Wyoming Inn of Jackson Hole
Queen Room with Two Queen Beds,4,279,9.1,2025-01-17,01-05-2025,Jackson Property,Wyoming Inn of Jackson Hole
Queen Room with Two Queen Beds,4,339,9.1,2025-01-17,01-05-2025,Jackson Property,Wyoming Inn of Jackson Hole
King Room with Roll-In Shower - Disability Access,2,239,9.1,2025-01-17,01-05-2025,Jackson Property,Wyoming Inn of Jackson Hole
King Room with Roll-In Shower - Disability Access,2,299,9.1,2025-01-17,01-05-2025,Jackson Property,Wyoming Inn of Jackson Hole
Superior King Room,2,287,9.1,2025-01-17,01-05-2025,Jackson Property,Wyoming Inn of Jackson Hole
Superior King Room,2,359,9.1,2025-01-17,01-05-2025,Jackson Property,Wyoming Inn of Jackson Hole
Deluxe Double Room,2,287,9.1,2025-01-17,01-05-2025,Jackson Property,Wyoming Inn of Jackson Hole
Deluxe Double Room,2,359,9.1,2025-01-17,01-05-2025,Jackson Property,Wyoming Inn of Jackson Hole
Deluxe King Room,2,295,9.1,2025-01-17,01-05-2025,Jackson Property,Wyoming Inn of Jackson Hole
Deluxe King Room,2,379,9.1,2025-01-17,01-05-2025,Jackson Property,Wyoming Inn of Jackson Hole
Deluxe King Room,1 Only for 1 guest,369,9.1,2025-01-17,01-05-2025,Jackson Property,Wyoming Inn of Jackson Hole
King Suite,2,375,9.1,2025-01-17,01-05-2025,Jackson Property,Wyoming Inn of Jackson Hole
King Suite,2,469,9.1,2025-01-17,01-05-2025,Jackson Property,Wyoming Inn of Jackson Hole
King Suite,3,395,9.1,2025-01-17,01-05-2025,Jackson Property,Wyoming Inn of Jackson Hole
King Suite,3,489,9.1,2025-01-17,01-05-2025,Jackson Property,Wyoming Inn of Jackson Hole
King Suite,4,415,9.1,2025-01-17,01-05-2025,Jackson Property,Wyoming Inn of Jackson Hole
King Suite,4,509,9.1,2025-01-17,01-05-2025,Jackson Property,Wyoming Inn of Jackson Hole
King Room,2,239,9.1,2025-01-18,01-05-2025,Jackson Property,Wyoming Inn of Jackson Hole
King Room,2,299,9.1,2025-01-18,01-05-2025,Jackson Property,Wyoming Inn of Jackson Hole
Queen Room with Two Queen Beds,2,239,9.1,2025-01-18,01-05-2025,Jackson Property,Wyoming Inn of Jackson Hole
Queen Room with Two Queen Beds,2,299,9.1,2025-01-18,01-05-2025,Jackson Property,Wyoming Inn of Jackson Hole
Queen Room with Two Queen Beds,3,259,9.1,2025-01-18,01-05-2025,Jackson Property,Wyoming Inn of Jackson Hole
Queen Room with Two Queen Beds,3,319,9.1,2025-01-18,01-05-2025,Jackson Property,Wyoming Inn of Jackson Hole
Queen Room with Two Queen Beds,4,279,9.1,2025-01-18,01-05-2025,Jackson Property,Wyoming Inn of Jackson Hole
Queen Room with Two Queen Beds,4,339,9.1,2025-01-18,01-05-2025,Jackson Property,Wyoming Inn of Jackson Hole
King Room with Roll-In Shower - Disability Access,2,239,9.1,2025-01-18,01-05-2025,Jackson Property,Wyoming Inn of Jackson Hole
King Room with Roll-In Shower - Disability Access,2,299,9.1,2025-01-18,01-05-2025,Jackson Property,Wyoming Inn of Jackson Hole
Deluxe Double Room,2,279,9.1,2025-01-18,01-05-2025,Jackson Property,Wyoming Inn of Jackson Hole
Deluxe Double Room,2,349,9.1,2025-01-18,01-05-2025,Jackson Property,Wyoming Inn of Jackson Hole
Superior King Room,2,279,9.1,2025-01-18,01-05-2025,Jackson Property,Wyoming Inn of Jackson Hole
Superior King Room,2,349,9.1,2025-01-18,01-05-2025,Jackson Property,Wyoming Inn of Jackson Hole
King Suite,2,367,9.1,2025-01-18,01-05-2025,Jackson Property,Wyoming Inn of Jackson Hole
King Suite,2,459,9.1,2025-01-18,01-05-2025,Jackson Property,Wyoming Inn of Jackson Hole
King Suite,3,387,9.1,2025-01-18,01-05-2025,Jackson Property,Wyoming Inn of Jackson Hole
King Suite,3,479,9.1,2025-01-18,01-05-2025,Jackson Property,Wyoming Inn of Jackson Hole
King Suite,4,407,9.1,2025-01-18,01-05-2025,Jackson Property,Wyoming Inn of Jackson Hole
King Suite,4,499,9.1,2025-01-18,01-05-2025,Jackson Property,Wyoming Inn of Jackson Hole
King Room,2,215,9.1,2025-01-19,01-05-2025,Jackson Property,Wyoming Inn of Jackson Hole
King Room,2,269,9.1,2025-01-19,01-05-2025,Jackson Property,Wyoming Inn of Jackson Hole
Queen Room with Two Queen Beds,2,215,9.1,2025-01-19,01-05-2025,Jackson Property,Wyoming Inn of Jackson Hole
Queen Room with Two Queen Beds,2,269,9.1,2025-01-19,01-05-2025,Jackson Property,Wyoming Inn of Jackson Hole
Queen Room with Two Queen Beds,3,235,9.1,2025-01-19,01-05-2025,Jackson Property,Wyoming Inn of Jackson Hole
Queen Room with Two Queen Beds,3,289,9.1,2025-01-19,01-05-2025,Jackson Property,Wyoming Inn of Jackson Hole
Queen Room with Two Queen Beds,4,255,9.1,2025-01-19,01-05-2025,Jackson Property,Wyoming Inn of Jackson Hole
Queen Room with Two Queen Beds,4,309,9.1,2025-01-19,01-05-2025,Jackson Property,Wyoming Inn of Jackson Hole
King Room with Roll-In Shower - Disability Access,2,215,9.1,2025-01-19,01-05-2025,Jackson Property,Wyoming Inn of Jackson Hole
King Room with Roll-In Shower - Disability Access,2,269,9.1,2025-01-19,01-05-2025,Jackson Property,Wyoming Inn of Jackson Hole
Deluxe Double Room,2,255,9.1,2025-01-19,01-05-2025,Jackson Property,Wyoming Inn of Jackson Hole
Deluxe Double Room,2,319,9.1,2025-01-19,01-05-2025,Jackson Property,Wyoming Inn of Jackson Hole
Superior King Room,2,255,9.1,2025-01-19,01-05-2025,Jackson Property,Wyoming Inn of Jackson Hole
Superior King Room,2,319,9.1,2025-01-19,01-05-2025,Jackson Property,Wyoming Inn of Jackson Hole
King Suite,2,359,9.1,2025-01-19,01-05-2025,Jackson Property,Wyoming Inn of Jackson Hole
King Suite,2,449,9.1,2025-01-19,01-05-2025,Jackson Property,Wyoming Inn of Jackson Hole
King Suite,3,379,9.1,2025-01-19,01-05-2025,Jackson Property,Wyoming Inn of Jackson Hole
King Suite,3,469,9.1,2025-01-19,01-05-2025,Jackson Property,Wyoming Inn of Jackson Hole
King Suite,4,399,9.1,2025-01-19,01-05-2025,Jackson Property,Wyoming Inn of Jackson Hole
King Suite,4,489,9.1,2025-01-19,01-05-2025,Jackson Property,Wyoming Inn of Jackson Hole
King Room,2,215,9.1,2025-01-20,01-05-2025,Jackson Property,Wyoming Inn of Jackson Hole
King Room,2,269,9.1,2025-01-20,01-05-2025,Jackson Property,Wyoming Inn of Jackson Hole
Queen Room with Two Queen Beds,2,215,9.1,2025-01-20,01-05-2025,Jackson Property,Wyoming Inn of Jackson Hole
Queen Room with Two Queen Beds,2,269,9.1,2025-01-20,01-05-2025,Jackson Property,Wyoming Inn of Jackson Hole
Queen Room with Two Queen Beds,3,235,9.1,2025-01-20,01-05-2025,Jackson Property,Wyoming Inn of Jackson Hole
Queen Room with Two Queen Beds,3,289,9.1,2025-01-20,01-05-2025,Jackson Property,Wyoming Inn of Jackson Hole
Queen Room with Two Queen Beds,4,255,9.1,2025-01-20,01-05-2025,Jackson Property,Wyoming Inn of Jackson Hole
Queen Room with Two Queen Beds,4,309,9.1,2025-01-20,01-05-2025,Jackson Property,Wyoming Inn of Jackson Hole
King Room with Roll-In Shower - Disability Access,2,215,9.1,2025-01-20,01-05-2025,Jackson Property,Wyoming Inn of Jackson Hole
King Room with Roll-In Shower - Disability Access,2,269,9.1,2025-01-20,01-05-2025,Jackson Property,Wyoming Inn of Jackson Hole
Superior King Room,2,255,9.1,2025-01-20,01-05-2025,Jackson Property,Wyoming Inn of Jackson Hole
Superior King Room,2,319,9.1,2025-01-20,01-05-2025,Jackson Property,Wyoming Inn of Jackson Hole
Deluxe Double Room,2,255,9.1,2025-01-20,01-05-2025,Jackson Property,Wyoming Inn of Jackson Hole
Deluxe Double Room,2,319,9.1,2025-01-20,01-05-2025,Jackson Property,Wyoming Inn of Jackson Hole
Deluxe King Room,2,263,9.1,2025-01-20,01-05-2025,Jackson Property,Wyoming Inn of Jackson Hole
King Suite,2,351,9.1,2025-01-20,01-05-2025,Jackson Property,Wyoming Inn of Jackson Hole
King Suite,3,371,9.1,2025-01-20,01-05-2025,Jackson Property,Wyoming Inn of Jackson Hole
King Suite,4,391,9.1,2025-01-20,01-05-2025,Jackson Property,Wyoming Inn of Jackson Hole
King Room,2,215,9.1,2025-01-21,01-05-2025,Jackson Property,Wyoming Inn of Jackson Hole
King Room,2,269,9.1,2025-01-21,01-05-2025,Jackson Property,Wyoming Inn of Jackson Hole
Queen Room with Two Queen Beds,2,215,9.1,2025-01-21,01-05-2025,Jackson Property,Wyoming Inn of Jackson Hole
Queen Room with Two Queen Beds,2,269,9.1,2025-01-21,01-05-2025,Jackson Property,Wyoming Inn of Jackson Hole
Queen Room with Two Queen Beds,3,235,9.1,2025-01-21,01-05-2025,Jackson Property,Wyoming Inn of Jackson Hole
Queen Room with Two Queen Beds,3,289,9.1,2025-01-21,01-05-2025,Jackson Property,Wyoming Inn of Jackson Hole
Queen Room with Two Queen Beds,4,255,9.1,2025-01-21,01-05-2025,Jackson Property,Wyoming Inn of Jackson Hole
Queen Room with Two Queen Beds,4,309,9.1,2025-01-21,01-05-2025,Jackson Property,Wyoming Inn of Jackson Hole
Deluxe King Room,2,263,9.1,2025-01-21,01-05-2025,Jackson Property,Wyoming Inn of Jackson Hole
Deluxe King Room,2,339,9.1,2025-01-21,01-05-2025,Jackson Property,Wyoming Inn of Jackson Hole
Deluxe King Room,1 Only for 1 guest,329,9.1,2025-01-21,01-05-2025,Jackson Property,Wyoming Inn of Jackson Hole
King Room with Roll-In Shower - Disability Access,2,215,9.1,2025-01-21,01-05-2025,Jackson Property,Wyoming Inn of Jackson Hole
King Room with Roll-In Shower - Disability Access,2,269,9.1,2025-01-21,01-05-2025,Jackson Property,Wyoming Inn of Jackson Hole
Superior King Room,2,255,9.1,2025-01-21,01-05-2025,Jackson Property,Wyoming Inn of Jackson Hole
Superior King Room,2,319,9.1,2025-01-21,01-05-2025,Jackson Property,Wyoming Inn of Jackson Hole
Deluxe Double Room,2,255,9.1,2025-01-21,01-05-2025,Jackson Property,Wyoming Inn of Jackson Hole
Deluxe Double Room,2,319,9.1,2025-01-21,01-05-2025,Jackson Property,Wyoming Inn of Jackson Hole
King Suite,2,359,9.1,2025-01-21,01-05-2025,Jackson Property,Wyoming Inn of Jackson Hole
King Suite,2,449,9.1,2025-01-21,01-05-2025,Jackson Property,Wyoming Inn of Jackson Hole
King Suite,3,379,9.1,2025-01-21,01-05-2025,Jackson Property,Wyoming Inn of Jackson Hole
King Suite,3,469,9.1,2025-01-21,01-05-2025,Jackson Property,Wyoming Inn of Jackson Hole
King Suite,4,399,9.1,2025-01-21,01-05-2025,Jackson Property,Wyoming Inn of Jackson Hole
King Suite,4,489,9.1,2025-01-21,01-05-2025,Jackson Property,Wyoming Inn of Jackson Hole
King Room,2,215,9.1,2025-01-22,01-05-2025,Jackson Property,Wyoming Inn of Jackson Hole
King Room,2,269,9.1,2025-01-22,01-05-2025,Jackson Property,Wyoming Inn of Jackson Hole
Queen Room with Two Queen Beds,2,215,9.1,2025-01-22,01-05-2025,Jackson Property,Wyoming Inn of Jackson Hole
Queen Room with Two Queen Beds,2,269,9.1,2025-01-22,01-05-2025,Jackson Property,Wyoming Inn of Jackson Hole
Queen Room with Two Queen Beds,3,235,9.1,2025-01-22,01-05-2025,Jackson Property,Wyoming Inn of Jackson Hole
Queen Room with Two Queen Beds,3,289,9.1,2025-01-22,01-05-2025,Jackson Property,Wyoming Inn of Jackson Hole
Queen Room with Two Queen Beds,4,255,9.1,2025-01-22,01-05-2025,Jackson Property,Wyoming Inn of Jackson Hole
Queen Room with Two Queen Beds,4,309,9.1,2025-01-22,01-05-2025,Jackson Property,Wyoming Inn of Jackson Hole
King Room with Roll-In Shower - Disability Access,2,215,9.1,2025-01-22,01-05-2025,Jackson Property,Wyoming Inn of Jackson Hole
King Room with Roll-In Shower - Disability Access,2,269,9.1,2025-01-22,01-05-2025,Jackson Property,Wyoming Inn of Jackson Hole
Deluxe Double Room,2,255,9.1,2025-01-22,01-05-2025,Jackson Property,Wyoming Inn of Jackson Hole
Deluxe Double Room,2,319,9.1,2025-01-22,01-05-2025,Jackson Property,Wyoming Inn of Jackson Hole
Superior King Room,2,255,9.1,2025-01-22,01-05-2025,Jackson Property,Wyoming Inn of Jackson Hole
Superior King Room,2,319,9.1,2025-01-22,01-05-2025,Jackson Property,Wyoming Inn of Jackson Hole
Deluxe King Room,2,263,9.1,2025-01-22,01-05-2025,Jackson Property,Wyoming Inn of Jackson Hole
Deluxe King Room,2,339,9.1,2025-01-22,01-05-2025,Jackson Property,Wyoming Inn of Jackson Hole
Deluxe King Room,1 Only for 1 guest,329,9.1,2025-01-22,01-05-2025,Jackson Property,Wyoming Inn of Jackson Hole
King Suite,2,359,9.1,2025-01-22,01-05-2025,Jackson Property,Wyoming Inn of Jackson Hole
King Suite,2,449,9.1,2025-01-22,01-05-2025,Jackson Property,Wyoming Inn of Jackson Hole
King Suite,3,379,9.1,2025-01-22,01-05-2025,Jackson Property,Wyoming Inn of Jackson Hole
King Suite,3,469,9.1,2025-01-22,01-05-2025,Jackson Property,Wyoming Inn of Jackson Hole
King Suite,4,399,9.1,2025-01-22,01-05-2025,Jackson Property,Wyoming Inn of Jackson Hole
King Suite,4,489,9.1,2025-01-22,01-05-2025,Jackson Property,Wyoming Inn of Jackson Hole
King Room,2,215,9.1,2025-01-23,01-05-2025,Jackson Property,Wyoming Inn of Jackson Hole
King Room with Roll-In Shower - Disability Access,2,215,9.1,2025-01-23,01-05-2025,Jackson Property,Wyoming Inn of Jackson Hole
Queen Room with Two Queen Beds,2,215,9.1,2025-01-23,01-05-2025,Jackson Property,Wyoming Inn of Jackson Hole
Queen Room with Two Queen Beds,3,235,9.1,2025-01-23,01-05-2025,Jackson Property,Wyoming Inn of Jackson Hole
Queen Room with Two Queen Beds,4,255,9.1,2025-01-23,01-05-2025,Jackson Property,Wyoming Inn of Jackson Hole
Superior King Room,2,255,9.1,2025-01-23,01-05-2025,Jackson Property,Wyoming Inn of Jackson Hole
Deluxe Double Room,2,255,9.1,2025-01-23,01-05-2025,Jackson Property,Wyoming Inn of Jackson Hole
Deluxe King Room,2,263,9.1,2025-01-23,01-05-2025,Jackson Property,Wyoming Inn of Jackson Hole
King Suite,2,343,9.1,2025-01-23,01-05-2025,Jackson Property,Wyoming Inn of Jackson Hole
King Suite,3,363,9.1,2025-01-23,01-05-2025,Jackson Property,Wyoming Inn of Jackson Hole
King Suite,4,383,9.1,2025-01-23,01-05-2025,Jackson Property,Wyoming Inn of Jackson Hole
King Room,2,239,9.1,2025-01-24,01-05-2025,Jackson Property,Wyoming Inn of Jackson Hole
King Room,2,299,9.1,2025-01-24,01-05-2025,Jackson Property,Wyoming Inn of Jackson Hole
King Room with Roll-In Shower - Disability Access,2,239,9.1,2025-01-24,01-05-2025,Jackson Property,Wyoming Inn of Jackson Hole
King Room with Roll-In Shower - Disability Access,2,299,9.1,2025-01-24,01-05-2025,Jackson Property,Wyoming Inn of Jackson Hole
Superior King Room,2,295,9.1,2025-01-24,01-05-2025,Jackson Property,Wyoming Inn of Jackson Hole
Superior King Room,2,369,9.1,2025-01-24,01-05-2025,Jackson Property,Wyoming Inn of Jackson Hole
Deluxe Double Room,2,295,9.1,2025-01-24,01-05-2025,Jackson Property,Wyoming Inn of Jackson Hole
Deluxe Double Room,2,369,9.1,2025-01-24,01-05-2025,Jackson Property,Wyoming Inn of Jackson Hole
Queen Room with Two Queen Beds,2,299,9.1,2025-01-24,01-05-2025,Jackson Property,Wyoming Inn of Jackson Hole
Queen Room with Two Queen Beds,2,409,9.1,2025-01-24,01-05-2025,Jackson Property,Wyoming Inn of Jackson Hole
Queen Room with Two Queen Beds,3,319,9.1,2025-01-24,01-05-2025,Jackson Property,Wyoming Inn of Jackson Hole
Queen Room with Two Queen Beds,3,429,9.1,2025-01-24,01-05-2025,Jackson Property,Wyoming Inn of Jackson Hole
Queen Room with Two Queen Beds,4,339,9.1,2025-01-24,01-05-2025,Jackson Property,Wyoming Inn of Jackson Hole
Queen Room with Two Queen Beds,4,449,9.1,2025-01-24,01-05-2025,Jackson Property,Wyoming Inn of Jackson Hole
King Suite,2,407,9.1,2025-01-24,01-05-2025,Jackson Property,Wyoming Inn of Jackson Hole
King Suite,2,509,9.1,2025-01-24,01-05-2025,Jackson Property,Wyoming Inn of Jackson Hole
King Suite,3,427,9.1,2025-01-24,01-05-2025,Jackson Property,Wyoming Inn of Jackson Hole
King Suite,3,529,9.1,2025-01-24,01-05-2025,Jackson Property,Wyoming Inn of Jackson Hole
King Suite,4,447,9.1,2025-01-24,01-05-2025,Jackson Property,Wyoming Inn of Jackson Hole
King Suite,4,549,9.1,2025-01-24,01-05-2025,Jackson Property,Wyoming Inn of Jackson Hole
King Room,2,239,9.1,2025-01-25,01-05-2025,Jackson Property,Wyoming Inn of Jackson Hole
King Room,2,299,9.1,2025-01-25,01-05-2025,Jackson Property,Wyoming Inn of Jackson Hole
Queen Room - Disability Access,2,239,9.1,2025-01-25,01-05-2025,Jackson Property,Wyoming Inn of Jackson Hole
Queen Room - Disability Access,2,299,9.1,2025-01-25,01-05-2025,Jackson Property,Wyoming Inn of Jackson Hole
Queen Room - Disability Access,3,259,9.1,2025-01-25,01-05-2025,Jackson Property,Wyoming Inn of Jackson Hole
Queen Room - Disability Access,3,319,9.1,2025-01-25,01-05-2025,Jackson Property,Wyoming Inn of Jackson Hole
Queen Room - Disability Access,4,279,9.1,2025-01-25,01-05-2025,Jackson Property,Wyoming Inn of Jackson Hole
Queen Room - Disability Access,4,339,9.1,2025-01-25,01-05-2025,Jackson Property,Wyoming Inn of Jackson Hole
King Room with Roll-In Shower - Disability Access,2,239,9.1,2025-01-25,01-05-2025,Jackson Property,Wyoming Inn of Jackson Hole
King Room with Roll-In Shower - Disability Access,2,299,9.1,2025-01-25,01-05-2025,Jackson Property,Wyoming Inn of Jackson Hole
Queen Room with Two Queen Beds,2,239,9.1,2025-01-25,01-05-2025,Jackson Property,Wyoming Inn of Jackson Hole
Queen Room with Two Queen Beds,2,299,9.1,2025-01-25,01-05-2025,Jackson Property,Wyoming Inn of Jackson Hole
Queen Room with Two Queen Beds,3,259,9.1,2025-01-25,01-05-2025,Jackson Property,Wyoming Inn of Jackson Hole
Queen Room with Two Queen Beds,3,319,9.1,2025-01-25,01-05-2025,Jackson Property,Wyoming Inn of Jackson Hole
Queen Room with Two Queen Beds,4,279,9.1,2025-01-25,01-05-2025,Jackson Property,Wyoming Inn of Jackson Hole
Queen Room with Two Queen Beds,4,339,9.1,2025-01-25,01-05-2025,Jackson Property,Wyoming Inn of Jackson Hole
Deluxe Double Room,2,279,9.1,2025-01-25,01-05-2025,Jackson Property,Wyoming Inn of Jackson Hole
Deluxe Double Room,2,349,9.1,2025-01-25,01-05-2025,Jackson Property,Wyoming Inn of Jackson Hole
Superior King Room,2,279,9.1,2025-01-25,01-05-2025,Jackson Property,Wyoming Inn of Jackson Hole
Superior King Room,2,349,9.1,2025-01-25,01-05-2025,Jackson Property,Wyoming Inn of Jackson Hole
King Suite,2,367,9.1,2025-01-25,01-05-2025,Jackson Property,Wyoming Inn of Jackson Hole
King Suite,2,459,9.1,2025-01-25,01-05-2025,Jackson Property,Wyoming Inn of Jackson Hole
King Suite,3,387,9.1,2025-01-25,01-05-2025,Jackson Property,Wyoming Inn of Jackson Hole
King Suite,3,479,9.1,2025-01-25,01-05-2025,Jackson Property,Wyoming Inn of Jackson Hole
King Suite,4,407,9.1,2025-01-25,01-05-2025,Jackson Property,Wyoming Inn of Jackson Hole
King Suite,4,499,9.1,2025-01-25,01-05-2025,Jackson Property,Wyoming Inn of Jackson Hole
King Room,2,215,9.1,2025-01-26,01-05-2025,Jackson Property,Wyoming Inn of Jackson Hole
King Room,2,269,9.1,2025-01-26,01-05-2025,Jackson Property,Wyoming Inn of Jackson Hole
Queen Room with Two Queen Beds,2,215,9.1,2025-01-26,01-05-2025,Jackson Property,Wyoming Inn of Jackson Hole
Queen Room with Two Queen Beds,2,269,9.1,2025-01-26,01-05-2025,Jackson Property,Wyoming Inn of Jackson Hole
Queen Room with Two Queen Beds,3,235,9.1,2025-01-26,01-05-2025,Jackson Property,Wyoming Inn of Jackson Hole
Queen Room with Two Queen Beds,3,289,9.1,2025-01-26,01-05-2025,Jackson Property,Wyoming Inn of Jackson Hole
Queen Room with Two Queen Beds,4,255,9.1,2025-01-26,01-05-2025,Jackson Property,Wyoming Inn of Jackson Hole
Queen Room with Two Queen Beds,4,309,9.1,2025-01-26,01-05-2025,Jackson Property,Wyoming Inn of Jackson Hole
King Room with Roll-In Shower - Disability Access,2,215,9.1,2025-01-26,01-05-2025,Jackson Property,Wyoming Inn of Jackson Hole
King Room with Roll-In Shower - Disability Access,2,269,9.1,2025-01-26,01-05-2025,Jackson Property,Wyoming Inn of Jackson Hole
Queen Room - Disability Access,2,215,9.1,2025-01-26,01-05-2025,Jackson Property,Wyoming Inn of Jackson Hole
Queen Room - Disability Access,2,269,9.1,2025-01-26,01-05-2025,Jackson Property,Wyoming Inn of Jackson Hole
Queen Room - Disability Access,3,235,9.1,2025-01-26,01-05-2025,Jackson Property,Wyoming Inn of Jackson Hole
Queen Room - Disability Access,3,289,9.1,2025-01-26,01-05-2025,Jackson Property,Wyoming Inn of Jackson Hole
Queen Room - Disability Access,4,255,9.1,2025-01-26,01-05-2025,Jackson Property,Wyoming Inn of Jackson Hole
Queen Room - Disability Access,4,309,9.1,2025-01-26,01-05-2025,Jackson Property,Wyoming Inn of Jackson Hole
Superior King Room,2,263,9.1,2025-01-26,01-05-2025,Jackson Property,Wyoming Inn of Jackson Hole
Superior King Room,2,329,9.1,2025-01-26,01-05-2025,Jackson Property,Wyoming Inn of Jackson Hole
Deluxe Double Room,2,263,9.1,2025-01-26,01-05-2025,Jackson Property,Wyoming Inn of Jackson Hole
Deluxe Double Room,2,329,9.1,2025-01-26,01-05-2025,Jackson Property,Wyoming Inn of Jackson Hole
King Suite,2,375,9.1,2025-01-26,01-05-2025,Jackson Property,Wyoming Inn of Jackson Hole
King Suite,2,469,9.1,2025-01-26,01-05-2025,Jackson Property,Wyoming Inn of Jackson Hole
King Suite,3,395,9.1,2025-01-26,01-05-2025,Jackson Property,Wyoming Inn of Jackson Hole
King Suite,3,489,9.1,2025-01-26,01-05-2025,Jackson Property,Wyoming Inn of Jackson Hole
King Suite,4,415,9.1,2025-01-26,01-05-2025,Jackson Property,Wyoming Inn of Jackson Hole
King Suite,4,509,9.1,2025-01-26,01-05-2025,Jackson Property,Wyoming Inn of Jackson Hole
King Room,2,215,9.1,2025-01-27,01-05-2025,Jackson Property,Wyoming Inn of Jackson Hole
King Room,2,269,9.1,2025-01-27,01-05-2025,Jackson Property,Wyoming Inn of Jackson Hole
Queen Room with Two Queen Beds,2,215,9.1,2025-01-27,01-05-2025,Jackson Property,Wyoming Inn of Jackson Hole
Queen Room with Two Queen Beds,2,269,9.1,2025-01-27,01-05-2025,Jackson Property,Wyoming Inn of Jackson Hole
Queen Room with Two Queen Beds,3,235,9.1,2025-01-27,01-05-2025,Jackson Property,Wyoming Inn of Jackson Hole
Queen Room with Two Queen Beds,3,289,9.1,2025-01-27,01-05-2025,Jackson Property,Wyoming Inn of Jackson Hole
Queen Room with Two Queen Beds,4,255,9.1,2025-01-27,01-05-2025,Jackson Property,Wyoming Inn of Jackson Hole
Queen Room with Two Queen Beds,4,309,9.1,2025-01-27,01-05-2025,Jackson Property,Wyoming Inn of Jackson Hole
King Room with Roll-In Shower - Disability Access,2,215,9.1,2025-01-27,01-05-2025,Jackson Property,Wyoming Inn of Jackson Hole
King Room with Roll-In Shower - Disability Access,2,269,9.1,2025-01-27,01-05-2025,Jackson Property,Wyoming Inn of Jackson Hole
Queen Room - Disability Access,2,215,9.1,2025-01-27,01-05-2025,Jackson Property,Wyoming Inn of Jackson Hole
Queen Room - Disability Access,2,269,9.1,2025-01-27,01-05-2025,Jackson Property,Wyoming Inn of Jackson Hole
Queen Room - Disability Access,3,235,9.1,2025-01-27,01-05-2025,Jackson Property,Wyoming Inn of Jackson Hole
Queen Room - Disability Access,3,289,9.1,2025-01-27,01-05-2025,Jackson Property,Wyoming Inn of Jackson Hole
Queen Room - Disability Access,4,255,9.1,2025-01-27,01-05-2025,Jackson Property,Wyoming Inn of Jackson Hole
Queen Room - Disability Access,4,309,9.1,2025-01-27,01-05-2025,Jackson Property,Wyoming Inn of Jackson Hole
Superior King Room,2,255,9.1,2025-01-27,01-05-2025,Jackson Property,Wyoming Inn of Jackson Hole
Superior King Room,2,319,9.1,2025-01-27,01-05-2025,Jackson Property,Wyoming Inn of Jackson Hole
Deluxe Double Room,2,255,9.1,2025-01-27,01-05-2025,Jackson Property,Wyoming Inn of Jackson Hole
Deluxe Double Room,2,319,9.1,2025-01-27,01-05-2025,Jackson Property,Wyoming Inn of Jackson Hole
Deluxe King Room,2,263,9.1,2025-01-27,01-05-2025,Jackson Property,Wyoming Inn of Jackson Hole
Deluxe King Room,2,339,9.1,2025-01-27,01-05-2025,Jackson Property,Wyoming Inn of Jackson Hole
Deluxe King Room,1 Only for 1 guest,329,9.1,2025-01-27,01-05-2025,Jackson Property,Wyoming Inn of Jackson Hole
King Suite,2,367,9.1,2025-01-27,01-05-2025,Jackson Property,Wyoming Inn of Jackson Hole
King Suite,2,459,9.1,2025-01-27,01-05-2025,Jackson Property,Wyoming Inn of Jackson Hole
King Suite,3,387,9.1,2025-01-27,01-05-2025,Jackson Property,Wyoming Inn of Jackson Hole
King Suite,3,479,9.1,2025-01-27,01-05-2025,Jackson Property,Wyoming Inn of Jackson Hole
King Suite,4,407,9.1,2025-01-27,01-05-2025,Jackson Property,Wyoming Inn of Jackson Hole
King Suite,4,499,9.1,2025-01-27,01-05-2025,Jackson Property,Wyoming Inn of Jackson Hole
King Room,2,215,9.1,2025-01-28,01-05-2025,Jackson Property,Wyoming Inn of Jackson Hole
King Room,2,269,9.1,2025-01-28,01-05-2025,Jackson Property,Wyoming Inn of Jackson Hole
Queen Room - Disability Access,2,215,9.1,2025-01-28,01-05-2025,Jackson Property,Wyoming Inn of Jackson Hole
Queen Room - Disability Access,2,269,9.1,2025-01-28,01-05-2025,Jackson Property,Wyoming Inn of Jackson Hole
Queen Room - Disability Access,3,235,9.1,2025-01-28,01-05-2025,Jackson Property,Wyoming Inn of Jackson Hole
Queen Room - Disability Access,3,289,9.1,2025-01-28,01-05-2025,Jackson Property,Wyoming Inn of Jackson Hole
Queen Room - Disability Access,4,255,9.1,2025-01-28,01-05-2025,Jackson Property,Wyoming Inn of Jackson Hole
Queen Room - Disability Access,4,309,9.1,2025-01-28,01-05-2025,Jackson Property,Wyoming Inn of Jackson Hole
King Room with Roll-In Shower - Disability Access,2,215,9.1,2025-01-28,01-05-2025,Jackson Property,Wyoming Inn of Jackson Hole
King Room with Roll-In Shower - Disability Access,2,269,9.1,2025-01-28,01-05-2025,Jackson Property,Wyoming Inn of Jackson Hole
Queen Room with Two Queen Beds,2,215,9.1,2025-01-28,01-05-2025,Jackson Property,Wyoming Inn of Jackson Hole
Queen Room with Two Queen Beds,2,269,9.1,2025-01-28,01-05-2025,Jackson Property,Wyoming Inn of Jackson Hole
Queen Room with Two Queen Beds,3,235,9.1,2025-01-28,01-05-2025,Jackson Property,Wyoming Inn of Jackson Hole
Queen Room with Two Queen Beds,3,289,9.1,2025-01-28,01-05-2025,Jackson Property,Wyoming Inn of Jackson Hole
Queen Room with Two Queen Beds,4,255,9.1,2025-01-28,01-05-2025,Jackson Property,Wyoming Inn of Jackson Hole
Queen Room with Two Queen Beds,4,309,9.1,2025-01-28,01-05-2025,Jackson Property,Wyoming Inn of Jackson Hole
Deluxe Double Room,2,255,9.1,2025-01-28,01-05-2025,Jackson Property,Wyoming Inn of Jackson Hole
Deluxe Double Room,2,319,9.1,2025-01-28,01-05-2025,Jackson Property,Wyoming Inn of Jackson Hole
Superior King Room,2,255,9.1,2025-01-28,01-05-2025,Jackson Property,Wyoming Inn of Jackson Hole
Superior King Room,2,319,9.1,2025-01-28,01-05-2025,Jackson Property,Wyoming Inn of Jackson Hole
Deluxe King Room,2,263,9.1,2025-01-28,01-05-2025,Jackson Property,Wyoming Inn of Jackson Hole
Deluxe King Room,2,339,9.1,2025-01-28,01-05-2025,Jackson Property,Wyoming Inn of Jackson Hole
Deluxe King Room,1 Only for 1 guest,329,9.1,2025-01-28,01-05-2025,Jackson Property,Wyoming Inn of Jackson Hole
King Suite,2,375,9.1,2025-01-28,01-05-2025,Jackson Property,Wyoming Inn of Jackson Hole
King Suite,2,469,9.1,2025-01-28,01-05-2025,Jackson Property,Wyoming Inn of Jackson Hole
King Suite,3,395,9.1,2025-01-28,01-05-2025,Jackson Property,Wyoming Inn of Jackson Hole
King Suite,3,489,9.1,2025-01-28,01-05-2025,Jackson Property,Wyoming Inn of Jackson Hole
King Suite,4,415,9.1,2025-01-28,01-05-2025,Jackson Property,Wyoming Inn of Jackson Hole
King Suite,4,509,9.1,2025-01-28,01-05-2025,Jackson Property,Wyoming Inn of Jackson Hole
King Room,2,215,9.1,2025-01-29,01-05-2025,Jackson Property,Wyoming Inn of Jackson Hole
King Room,2,269,9.1,2025-01-29,01-05-2025,Jackson Property,Wyoming Inn of Jackson Hole
Queen Room with Two Queen Beds,2,215,9.1,2025-01-29,01-05-2025,Jackson Property,Wyoming Inn of Jackson Hole
Queen Room with Two Queen Beds,2,269,9.1,2025-01-29,01-05-2025,Jackson Property,Wyoming Inn of Jackson Hole
Queen Room with Two Queen Beds,3,235,9.1,2025-01-29,01-05-2025,Jackson Property,Wyoming Inn of Jackson Hole
Queen Room with Two Queen Beds,3,289,9.1,2025-01-29,01-05-2025,Jackson Property,Wyoming Inn of Jackson Hole
Queen Room with Two Queen Beds,4,255,9.1,2025-01-29,01-05-2025,Jackson Property,Wyoming Inn of Jackson Hole
Queen Room with Two Queen Beds,4,309,9.1,2025-01-29,01-05-2025,Jackson Property,Wyoming Inn of Jackson Hole
Deluxe King Room,2,279,9.1,2025-01-29,01-05-2025,Jackson Property,Wyoming Inn of Jackson Hole
Deluxe King Room,2,359,9.1,2025-01-29,01-05-2025,Jackson Property,Wyoming Inn of Jackson Hole
Deluxe King Room,1 Only for 1 guest,349,9.1,2025-01-29,01-05-2025,Jackson Property,Wyoming Inn of Jackson Hole
Queen Room - Disability Access,2,215,9.1,2025-01-29,01-05-2025,Jackson Property,Wyoming Inn of Jackson Hole
Queen Room - Disability Access,2,269,9.1,2025-01-29,01-05-2025,Jackson Property,Wyoming Inn of Jackson Hole
Queen Room - Disability Access,3,235,9.1,2025-01-29,01-05-2025,Jackson Property,Wyoming Inn of Jackson Hole
Queen Room - Disability Access,3,289,9.1,2025-01-29,01-05-2025,Jackson Property,Wyoming Inn of Jackson Hole
Queen Room - Disability Access,4,255,9.1,2025-01-29,01-05-2025,Jackson Property,Wyoming Inn of Jackson Hole
Queen Room - Disability Access,4,309,9.1,2025-01-29,01-05-2025,Jackson Property,Wyoming Inn of Jackson Hole
King Room with Roll-In Shower - Disability Access,2,215,9.1,2025-01-29,01-05-2025,Jackson Property,Wyoming Inn of Jackson Hole
King Room with Roll-In Shower - Disability Access,2,269,9.1,2025-01-29,01-05-2025,Jackson Property,Wyoming Inn of Jackson Hole
Deluxe Double Room,2,271,9.1,2025-01-29,01-05-2025,Jackson Property,Wyoming Inn of Jackson Hole
Deluxe Double Room,2,339,9.1,2025-01-29,01-05-2025,Jackson Property,Wyoming Inn of Jackson Hole
King Suite,2,383,9.1,2025-01-29,01-05-2025,Jackson Property,Wyoming Inn of Jackson Hole
King Suite,2,479,9.1,2025-01-29,01-05-2025,Jackson Property,Wyoming Inn of Jackson Hole
King Suite,3,403,9.1,2025-01-29,01-05-2025,Jackson Property,Wyoming Inn of Jackson Hole
King Suite,3,499,9.1,2025-01-29,01-05-2025,Jackson Property,Wyoming Inn of Jackson Hole
King Suite,4,423,9.1,2025-01-29,01-05-2025,Jackson Property,Wyoming Inn of Jackson Hole
King Suite,4,519,9.1,2025-01-29,01-05-2025,Jackson Property,Wyoming Inn of Jackson Hole
King Room,2,215,9.1,2025-01-30,01-05-2025,Jackson Property,Wyoming Inn of Jackson Hole
King Room,2,269,9.1,2025-01-30,01-05-2025,Jackson Property,Wyoming Inn of Jackson Hole
Queen Room with Two Queen Beds,2,215,9.1,2025-01-30,01-05-2025,Jackson Property,Wyoming Inn of Jackson Hole
Queen Room with Two Queen Beds,2,269,9.1,2025-01-30,01-05-2025,Jackson Property,Wyoming Inn of Jackson Hole
Queen Room with Two Queen Beds,3,235,9.1,2025-01-30,01-05-2025,Jackson Property,Wyoming Inn of Jackson Hole
Queen Room with Two Queen Beds,3,289,9.1,2025-01-30,01-05-2025,Jackson Property,Wyoming Inn of Jackson Hole
Queen Room with Two Queen Beds,4,255,9.1,2025-01-30,01-05-2025,Jackson Property,Wyoming Inn of Jackson Hole
Queen Room with Two Queen Beds,4,309,9.1,2025-01-30,01-05-2025,Jackson Property,Wyoming Inn of Jackson Hole
King Room with Roll-In Shower - Disability Access,2,215,9.1,2025-01-30,01-05-2025,Jackson Property,Wyoming Inn of Jackson Hole
King Room with Roll-In Shower - Disability Access,2,269,9.1,2025-01-30,01-05-2025,Jackson Property,Wyoming Inn of Jackson Hole
Queen Room - Disability Access,2,215,9.1,2025-01-30,01-05-2025,Jackson Property,Wyoming Inn of Jackson Hole
Queen Room - Disability Access,2,269,9.1,2025-01-30,01-05-2025,Jackson Property,Wyoming Inn of Jackson Hole
Queen Room - Disability Access,3,235,9.1,2025-01-30,01-05-2025,Jackson Property,Wyoming Inn of Jackson Hole
Queen Room - Disability Access,3,289,9.1,2025-01-30,01-05-2025,Jackson Property,Wyoming Inn of Jackson Hole
Queen Room - Disability Access,4,255,9.1,2025-01-30,01-05-2025,Jackson Property,Wyoming Inn of Jackson Hole
Queen Room - Disability Access,4,309,9.1,2025-01-30,01-05-2025,Jackson Property,Wyoming Inn of Jackson Hole
Superior King Room,2,287,9.1,2025-01-30,01-05-2025,Jackson Property,Wyoming Inn of Jackson Hole
Superior King Room,2,359,9.1,2025-01-30,01-05-2025,Jackson Property,Wyoming Inn of Jackson Hole
Deluxe Double Room,2,287,9.1,2025-01-30,01-05-2025,Jackson Property,Wyoming Inn of Jackson Hole
Deluxe Double Room,2,359,9.1,2025-01-30,01-05-2025,Jackson Property,Wyoming Inn of Jackson Hole
King Suite,2,375,9.1,2025-01-30,01-05-2025,Jackson Property,Wyoming Inn of Jackson Hole
King Suite,2,469,9.1,2025-01-30,01-05-2025,Jackson Property,Wyoming Inn of Jackson Hole
King Suite,3,395,9.1,2025-01-30,01-05-2025,Jackson Property,Wyoming Inn of Jackson Hole
King Suite,3,489,9.1,2025-01-30,01-05-2025,Jackson Property,Wyoming Inn of Jackson Hole
King Suite,4,415,9.1,2025-01-30,01-05-2025,Jackson Property,Wyoming Inn of Jackson Hole
King Suite,4,509,9.1,2025-01-30,01-05-2025,Jackson Property,Wyoming Inn of Jackson Hole
King Room,2,239,9.1,2025-01-31,01-05-2025,Jackson Property,Wyoming Inn of Jackson Hole
Queen Room with Two Queen Beds,2,239,9.1,2025-01-31,01-05-2025,Jackson Property,Wyoming Inn of Jackson Hole
Queen Room with Two Queen Beds,3,259,9.1,2025-01-31,01-05-2025,Jackson Property,Wyoming Inn of Jackson Hole
Queen Room with Two Queen Beds,4,279,9.1,2025-01-31,01-05-2025,Jackson Property,Wyoming Inn of Jackson Hole
King Room with Roll-In Shower - Disability Access,2,239,9.1,2025-01-31,01-05-2025,Jackson Property,Wyoming Inn of Jackson Hole
Deluxe Double Room,2,279,9.1,2025-01-31,01-05-2025,Jackson Property,Wyoming Inn of Jackson Hole
Superior King Room,2,279,9.1,2025-01-31,01-05-2025,Jackson Property,Wyoming Inn of Jackson Hole
King Suite,2,367,9.1,2025-01-31,01-05-2025,Jackson Property,Wyoming Inn of Jackson Hole
King Suite,3,387,9.1,2025-01-31,01-05-2025,Jackson Property,Wyoming Inn of Jackson Hole
King Suite,4,407,9.1,2025-01-31,01-05-2025,Jackson Property,Wyoming Inn of Jackson Hole
King Room,2,239,9.1,2025-02-01,01-05-2025,Jackson Property,Wyoming Inn of Jackson Hole
King Room,2,299,9.1,2025-02-01,01-05-2025,Jackson Property,Wyoming Inn of Jackson Hole
Queen Room with Two Queen Beds,2,239,9.1,2025-02-01,01-05-2025,Jackson Property,Wyoming Inn of Jackson Hole
Queen Room with Two Queen Beds,2,299,9.1,2025-02-01,01-05-2025,Jackson Property,Wyoming Inn of Jackson Hole
Queen Room with Two Queen Beds,3,259,9.1,2025-02-01,01-05-2025,Jackson Property,Wyoming Inn of Jackson Hole
Queen Room with Two Queen Beds,3,319,9.1,2025-02-01,01-05-2025,Jackson Property,Wyoming Inn of Jackson Hole
Queen Room with Two Queen Beds,4,279,9.1,2025-02-01,01-05-2025,Jackson Property,Wyoming Inn of Jackson Hole
Queen Room with Two Queen Beds,4,339,9.1,2025-02-01,01-05-2025,Jackson Property,Wyoming Inn of Jackson Hole
Queen Room - Disability Access,2,239,9.1,2025-02-01,01-05-2025,Jackson Property,Wyoming Inn of Jackson Hole
Queen Room - Disability Access,2,299,9.1,2025-02-01,01-05-2025,Jackson Property,Wyoming Inn of Jackson Hole
Queen Room - Disability Access,3,259,9.1,2025-02-01,01-05-2025,Jackson Property,Wyoming Inn of Jackson Hole
Queen Room - Disability Access,3,319,9.1,2025-02-01,01-05-2025,Jackson Property,Wyoming Inn of Jackson Hole
Queen Room - Disability Access,4,279,9.1,2025-02-01,01-05-2025,Jackson Property,Wyoming Inn of Jackson Hole
Queen Room - Disability Access,4,339,9.1,2025-02-01,01-05-2025,Jackson Property,Wyoming Inn of Jackson Hole
King Room with Roll-In Shower - Disability Access,2,239,9.1,2025-02-01,01-05-2025,Jackson Property,Wyoming Inn of Jackson Hole
King Room with Roll-In Shower - Disability Access,2,299,9.1,2025-02-01,01-05-2025,Jackson Property,Wyoming Inn of Jackson Hole
Deluxe Double Room,2,279,9.1,2025-02-01,01-05-2025,Jackson Property,Wyoming Inn of Jackson Hole
Deluxe Double Room,2,349,9.1,2025-02-01,01-05-2025,Jackson Property,Wyoming Inn of Jackson Hole
Superior King Room,2,279,9.1,2025-02-01,01-05-2025,Jackson Property,Wyoming Inn of Jackson Hole
Superior King Room,2,349,9.1,2025-02-01,01-05-2025,Jackson Property,Wyoming Inn of Jackson Hole
King Suite,2,375,9.1,2025-02-01,01-05-2025,Jackson Property,Wyoming Inn of Jackson Hole
King Suite,2,469,9.1,2025-02-01,01-05-2025,Jackson Property,Wyoming Inn of Jackson Hole
King Suite,3,395,9.1,2025-02-01,01-05-2025,Jackson Property,Wyoming Inn of Jackson Hole
King Suite,3,489,9.1,2025-02-01,01-05-2025,Jackson Property,Wyoming Inn of Jackson Hole
King Suite,4,415,9.1,2025-02-01,01-05-2025,Jackson Property,Wyoming Inn of Jackson Hole
King Suite,4,509,9.1,2025-02-01,01-05-2025,Jackson Property,Wyoming Inn of Jackson Hole
King Room,2,215,9.1,2025-02-02,01-05-2025,Jackson Property,Wyoming Inn of Jackson Hole
King Room,2,269,9.1,2025-02-02,01-05-2025,Jackson Property,Wyoming Inn of Jackson Hole
Queen Room with Two Queen Beds,2,215,9.1,2025-02-02,01-05-2025,Jackson Property,Wyoming Inn of Jackson Hole
Queen Room with Two Queen Beds,2,269,9.1,2025-02-02,01-05-2025,Jackson Property,Wyoming Inn of Jackson Hole
Queen Room with Two Queen Beds,3,235,9.1,2025-02-02,01-05-2025,Jackson Property,Wyoming Inn of Jackson Hole
Queen Room with Two Queen Beds,3,289,9.1,2025-02-02,01-05-2025,Jackson Property,Wyoming Inn of Jackson Hole
Queen Room with Two Queen Beds,4,255,9.1,2025-02-02,01-05-2025,Jackson Property,Wyoming Inn of Jackson Hole
Queen Room with Two Queen Beds,4,309,9.1,2025-02-02,01-05-2025,Jackson Property,Wyoming Inn of Jackson Hole
Deluxe King Room,2,263,9.1,2025-02-02,01-05-2025,Jackson Property,Wyoming Inn of Jackson Hole
Deluxe King Room,2,339,9.1,2025-02-02,01-05-2025,Jackson Property,Wyoming Inn of Jackson Hole
Deluxe King Room,1 Only for 1 guest,329,9.1,2025-02-02,01-05-2025,Jackson Property,Wyoming Inn of Jackson Hole
King Room with Roll-In Shower - Disability Access,2,215,9.1,2025-02-02,01-05-2025,Jackson Property,Wyoming Inn of Jackson Hole
King Room with Roll-In Shower - Disability Access,2,269,9.1,2025-02-02,01-05-2025,Jackson Property,Wyoming Inn of Jackson Hole
Queen Room - Disability Access,2,215,9.1,2025-02-02,01-05-2025,Jackson Property,Wyoming Inn of Jackson Hole
Queen Room - Disability Access,2,269,9.1,2025-02-02,01-05-2025,Jackson Property,Wyoming Inn of Jackson Hole
Queen Room - Disability Access,3,235,9.1,2025-02-02,01-05-2025,Jackson Property,Wyoming Inn of Jackson Hole
Queen Room - Disability Access,3,289,9.1,2025-02-02,01-05-2025,Jackson Property,Wyoming Inn of Jackson Hole
Queen Room - Disability Access,4,255,9.1,2025-02-02,01-05-2025,Jackson Property,Wyoming Inn of Jackson Hole
Queen Room - Disability Access,4,309,9.1,2025-02-02,01-05-2025,Jackson Property,Wyoming Inn of Jackson Hole
Superior King Room,2,255,9.1,2025-02-02,01-05-2025,Jackson Property,Wyoming Inn of Jackson Hole
Superior King Room,2,319,9.1,2025-02-02,01-05-2025,Jackson Property,Wyoming Inn of Jackson Hole
Deluxe Double Room,2,255,9.1,2025-02-02,01-05-2025,Jackson Property,Wyoming Inn of Jackson Hole
Deluxe Double Room,2,319,9.1,2025-02-02,01-05-2025,Jackson Property,Wyoming Inn of Jackson Hole
King Suite,2,359,9.1,2025-02-02,01-05-2025,Jackson Property,Wyoming Inn of Jackson Hole
King Suite,2,449,9.1,2025-02-02,01-05-2025,Jackson Property,Wyoming Inn of Jackson Hole
King Suite,3,379,9.1,2025-02-02,01-05-2025,Jackson Property,Wyoming Inn of Jackson Hole
King Suite,3,469,9.1,2025-02-02,01-05-2025,Jackson Property,Wyoming Inn of Jackson Hole
King Suite,4,399,9.1,2025-02-02,01-05-2025,Jackson Property,Wyoming Inn of Jackson Hole
King Suite,4,489,9.1,2025-02-02,01-05-2025,Jackson Property,Wyoming Inn of Jackson Hole
King Room,2,215,9.1,2025-02-03,01-05-2025,Jackson Property,Wyoming Inn of Jackson Hole
Queen Room with Two Queen Beds,2,215,9.1,2025-02-03,01-05-2025,Jackson Property,Wyoming Inn of Jackson Hole
Queen Room with Two Queen Beds,3,235,9.1,2025-02-03,01-05-2025,Jackson Property,Wyoming Inn of Jackson Hole
Queen Room with Two Queen Beds,4,255,9.1,2025-02-03,01-05-2025,Jackson Property,Wyoming Inn of Jackson Hole
King Room with Roll-In Shower - Disability Access,2,215,9.1,2025-02-03,01-05-2025,Jackson Property,Wyoming Inn of Jackson Hole
Queen Room - Disability Access,2,215,9.1,2025-02-03,01-05-2025,Jackson Property,Wyoming Inn of Jackson Hole
Queen Room - Disability Access,3,235,9.1,2025-02-03,01-05-2025,Jackson Property,Wyoming Inn of Jackson Hole
Queen Room - Disability Access,4,255,9.1,2025-02-03,01-05-2025,Jackson Property,Wyoming Inn of Jackson Hole
Deluxe Double Room,2,255,9.1,2025-02-03,01-05-2025,Jackson Property,Wyoming Inn of Jackson Hole
Superior King Room,2,255,9.1,2025-02-03,01-05-2025,Jackson Property,Wyoming Inn of Jackson Hole
King Suite,2,351,9.1,2025-02-03,01-05-2025,Jackson Property,Wyoming Inn of Jackson Hole
King Suite,3,371,9.1,2025-02-03,01-05-2025,Jackson Property,Wyoming Inn of Jackson Hole
King Suite,4,391,9.1,2025-02-03,01-05-2025,Jackson Property,Wyoming Inn of Jackson Hole
King Room,2,215,9.1,2025-02-04,01-05-2025,Jackson Property,Wyoming Inn of Jackson Hole
Queen Room with Two Queen Beds,2,215,9.1,2025-02-04,01-05-2025,Jackson Property,Wyoming Inn of Jackson Hole
Queen Room with Two Queen Beds,3,235,9.1,2025-02-04,01-05-2025,Jackson Property,Wyoming Inn of Jackson Hole
Queen Room with Two Queen Beds,4,255,9.1,2025-02-04,01-05-2025,Jackson Property,Wyoming Inn of Jackson Hole
Deluxe King Room,2,263,9.1,2025-02-04,01-05-2025,Jackson Property,Wyoming Inn of Jackson Hole
Queen Room - Disability Access,2,215,9.1,2025-02-04,01-05-2025,Jackson Property,Wyoming Inn of Jackson Hole
Queen Room - Disability Access,3,235,9.1,2025-02-04,01-05-2025,Jackson Property,Wyoming Inn of Jackson Hole
Queen Room - Disability Access,4,255,9.1,2025-02-04,01-05-2025,Jackson Property,Wyoming Inn of Jackson Hole
King Room with Roll-In Shower - Disability Access,2,215,9.1,2025-02-04,01-05-2025,Jackson Property,Wyoming Inn of Jackson Hole
Superior King Room,2,255,9.1,2025-02-04,01-05-2025,Jackson Property,Wyoming Inn of Jackson Hole
Deluxe Double Room,2,255,9.1,2025-02-04,01-05-2025,Jackson Property,Wyoming Inn of Jackson Hole
King Suite,2,343,9.1,2025-02-04,01-05-2025,Jackson Property,Wyoming Inn of Jackson Hole
King Suite,3,363,9.1,2025-02-04,01-05-2025,Jackson Property,Wyoming Inn of Jackson Hole
King Suite,4,383,9.1,2025-02-04,01-05-2025,Jackson Property,Wyoming Inn of Jackson Hole
Queen Room - Non-Smoking,2,109,7.2,2025-01-06,01-05-2025,Jackson Property,Super 8 by Wyndham Jackson Hole
King Room - Disability Access/Non-Smoking,2,119,7.2,2025-01-06,01-05-2025,Jackson Property,Super 8 by Wyndham Jackson Hole
Queen Room with Two Queen Beds - Non-Smoking,4,119,7.2,2025-01-06,01-05-2025,Jackson Property,Super 8 by Wyndham Jackson Hole
Queen Room - Non-Smoking,2,109,7.2,2025-01-07,01-05-2025,Jackson Property,Super 8 by Wyndham Jackson Hole
Queen Room with Two Queen Beds - Non-Smoking,4,119,7.2,2025-01-07,01-05-2025,Jackson Property,Super 8 by Wyndham Jackson Hole
Queen Room - Disability Access/Non-Smoking,2,109,7.2,2025-01-08,01-05-2025,Jackson Property,Super 8 by Wyndham Jackson Hole
Queen Room - Non-Smoking,2,109,7.2,2025-01-08,01-05-2025,Jackson Property,Super 8 by Wyndham Jackson Hole
Queen Room with Two Queen Beds - Non-Smoking,4,119,7.2,2025-01-08,01-05-2025,Jackson Property,Super 8 by Wyndham Jackson Hole
Queen Room - Disability Access/Non-Smoking,2,119,7.2,2025-01-09,01-05-2025,Jackson Property,Super 8 by Wyndham Jackson Hole
Queen Room - Non-Smoking,2,119,7.2,2025-01-09,01-05-2025,Jackson Property,Super 8 by Wyndham Jackson Hole
Queen Room with Two Queen Beds - Non-Smoking,4,129,7.2,2025-01-09,01-05-2025,Jackson Property,Super 8 by Wyndham Jackson Hole
Queen Room - Non-Smoking,2,119,7.2,2025-01-10,01-05-2025,Jackson Property,Super 8 by Wyndham Jackson Hole
Queen Room with Two Queen Beds - Non-Smoking,4,130,7.2,2025-01-10,01-05-2025,Jackson Property,Super 8 by Wyndham Jackson Hole
Queen Room - Non-Smoking,2,140,7.2,2025-01-11,01-05-2025,Jackson Property,Super 8 by Wyndham Jackson Hole
King Room - Non-Smoking,3,151,7.2,2025-01-11,01-05-2025,Jackson Property,Super 8 by Wyndham Jackson Hole
Queen Room with Two Queen Beds - Non-Smoking,4,151,7.2,2025-01-11,01-05-2025,Jackson Property,Super 8 by Wyndham Jackson Hole
Queen Room - Disability Access/Non-Smoking,2,117,7.2,2025-01-12,01-05-2025,Jackson Property,Super 8 by Wyndham Jackson Hole
Queen Room - Non-Smoking,2,117,7.2,2025-01-12,01-05-2025,Jackson Property,Super 8 by Wyndham Jackson Hole
King Room - Disability Access/Non-Smoking,2,127,7.2,2025-01-12,01-05-2025,Jackson Property,Super 8 by Wyndham Jackson Hole
King Room - Non-Smoking,3,127,7.2,2025-01-12,01-05-2025,Jackson Property,Super 8 by Wyndham Jackson Hole
Queen Room with Two Queen Beds - Non-Smoking,4,127,7.2,2025-01-12,01-05-2025,Jackson Property,Super 8 by Wyndham Jackson Hole
Queen Room - Disability Access/Non-Smoking,2,109,7.2,2025-01-13,01-05-2025,Jackson Property,Super 8 by Wyndham Jackson Hole
Queen Room - Non-Smoking,2,109,7.2,2025-01-13,01-05-2025,Jackson Property,Super 8 by Wyndham Jackson Hole
King Room - Disability Access/Non-Smoking,2,119,7.2,2025-01-13,01-05-2025,Jackson Property,Super 8 by Wyndham Jackson Hole
King Room - Non-Smoking,3,119,7.2,2025-01-13,01-05-2025,Jackson Property,Super 8 by Wyndham Jackson Hole
Queen Room with Two Queen Beds - Non-Smoking,4,119,7.2,2025-01-13,01-05-2025,Jackson Property,Super 8 by Wyndham Jackson Hole
Queen Room - Disability Access/Non-Smoking,2,109,7.2,2025-01-14,01-05-2025,Jackson Property,Super 8 by Wyndham Jackson Hole
Queen Room - Non-Smoking,2,109,7.2,2025-01-14,01-05-2025,Jackson Property,Super 8 by Wyndham Jackson Hole
King Room - Disability Access/Non-Smoking,2,119,7.2,2025-01-14,01-05-2025,Jackson Property,Super 8 by Wyndham Jackson Hole
King Room - Non-Smoking,3,119,7.2,2025-01-14,01-05-2025,Jackson Property,Super 8 by Wyndham Jackson Hole
Queen Room with Two Queen Beds - Non-Smoking,4,119,7.2,2025-01-14,01-05-2025,Jackson Property,Super 8 by Wyndham Jackson Hole
Queen Room - Disability Access/Non-Smoking,2,109,7.2,2025-01-15,01-05-2025,Jackson Property,Super 8 by Wyndham Jackson Hole
Queen Room - Non-Smoking,2,109,7.2,2025-01-15,01-05-2025,Jackson Property,Super 8 by Wyndham Jackson Hole
King Room - Disability Access/Non-Smoking,2,119,7.2,2025-01-15,01-05-2025,Jackson Property,Super 8 by Wyndham Jackson Hole
King Room - Non-Smoking,3,119,7.2,2025-01-15,01-05-2025,Jackson Property,Super 8 by Wyndham Jackson Hole
Queen Room with Two Queen Beds - Non-Smoking,4,119,7.2,2025-01-15,01-05-2025,Jackson Property,Super 8 by Wyndham Jackson Hole
Queen Room - Disability Access/Non-Smoking,2,137,7.2,2025-01-16,01-05-2025,Jackson Property,Super 8 by Wyndham Jackson Hole
Queen Room - Non-Smoking,2,137,7.2,2025-01-16,01-05-2025,Jackson Property,Super 8 by Wyndham Jackson Hole
King Room - Disability Access/Non-Smoking,2,147,7.2,2025-01-16,01-05-2025,Jackson Property,Super 8 by Wyndham Jackson Hole
King Room - Non-Smoking,3,147,7.2,2025-01-16,01-05-2025,Jackson Property,Super 8 by Wyndham Jackson Hole
Queen Room with Two Queen Beds - Non-Smoking,4,147,7.2,2025-01-16,01-05-2025,Jackson Property,Super 8 by Wyndham Jackson Hole
Queen Room - Disability Access/Non-Smoking,2,143,7.2,2025-01-17,01-05-2025,Jackson Property,Super 8 by Wyndham Jackson Hole
Queen Room - Non-Smoking,2,143,7.2,2025-01-17,01-05-2025,Jackson Property,Super 8 by Wyndham Jackson Hole
Queen Room with Two Queen Beds - Non-Smoking,4,154,7.2,2025-01-17,01-05-2025,Jackson Property,Super 8 by Wyndham Jackson Hole
Queen Room - Non-Smoking,2,139,7.2,2025-01-18,01-05-2025,Jackson Property,Super 8 by Wyndham Jackson Hole
Queen Room with Two Queen Beds - Non-Smoking,4,150,7.2,2025-01-18,01-05-2025,Jackson Property,Super 8 by Wyndham Jackson Hole
Queen Room - Disability Access/Non-Smoking,2,118,7.2,2025-01-19,01-05-2025,Jackson Property,Super 8 by Wyndham Jackson Hole
Queen Room - Non-Smoking,2,118,7.2,2025-01-19,01-05-2025,Jackson Property,Super 8 by Wyndham Jackson Hole
King Room - Disability Access/Non-Smoking,2,128,7.2,2025-01-19,01-05-2025,Jackson Property,Super 8 by Wyndham Jackson Hole
King Room - Non-Smoking,3,128,7.2,2025-01-19,01-05-2025,Jackson Property,Super 8 by Wyndham Jackson Hole
Queen Room with Two Queen Beds - Non-Smoking,4,128,7.2,2025-01-19,01-05-2025,Jackson Property,Super 8 by Wyndham Jackson Hole
Queen Room - Disability Access/Non-Smoking,2,119,7.2,2025-01-20,01-05-2025,Jackson Property,Super 8 by Wyndham Jackson Hole
Queen Room - Non-Smoking,2,119,7.2,2025-01-20,01-05-2025,Jackson Property,Super 8 by Wyndham Jackson Hole
King Room - Disability Access/Non-Smoking,2,129,7.2,2025-01-20,01-05-2025,Jackson Property,Super 8 by Wyndham Jackson Hole
King Room - Non-Smoking,3,129,7.2,2025-01-20,01-05-2025,Jackson Property,Super 8 by Wyndham Jackson Hole
Queen Room with Two Queen Beds - Non-Smoking,4,129,7.2,2025-01-20,01-05-2025,Jackson Property,Super 8 by Wyndham Jackson Hole
Queen Room - Disability Access/Non-Smoking,2,109,7.2,2025-01-21,01-05-2025,Jackson Property,Super 8 by Wyndham Jackson Hole
Queen Room - Non-Smoking,2,109,7.2,2025-01-21,01-05-2025,Jackson Property,Super 8 by Wyndham Jackson Hole
King Room - Disability Access/Non-Smoking,2,119,7.2,2025-01-21,01-05-2025,Jackson Property,Super 8 by Wyndham Jackson Hole
King Room - Non-Smoking,3,119,7.2,2025-01-21,01-05-2025,Jackson Property,Super 8 by Wyndham Jackson Hole
Queen Room with Two Queen Beds - Non-Smoking,4,119,7.2,2025-01-21,01-05-2025,Jackson Property,Super 8 by Wyndham Jackson Hole
Queen Room - Disability Access/Non-Smoking,2,109,7.2,2025-01-22,01-05-2025,Jackson Property,Super 8 by Wyndham Jackson Hole
Queen Room - Non-Smoking,2,109,7.2,2025-01-22,01-05-2025,Jackson Property,Super 8 by Wyndham Jackson Hole
King Room - Disability Access/Non-Smoking,2,119,7.2,2025-01-22,01-05-2025,Jackson Property,Super 8 by Wyndham Jackson Hole
King Room - Non-Smoking,3,119,7.2,2025-01-22,01-05-2025,Jackson Property,Super 8 by Wyndham Jackson Hole
Queen Room with Two Queen Beds - Non-Smoking,4,119,7.2,2025-01-22,01-05-2025,Jackson Property,Super 8 by Wyndham Jackson Hole
Queen Room - Disability Access/Non-Smoking,2,109,7.2,2025-01-23,01-05-2025,Jackson Property,Super 8 by Wyndham Jackson Hole
Queen Room - Non-Smoking,2,109,7.2,2025-01-23,01-05-2025,Jackson Property,Super 8 by Wyndham Jackson Hole
King Room - Disability Access/Non-Smoking,2,119,7.2,2025-01-23,01-05-2025,Jackson Property,Super 8 by Wyndham Jackson Hole
King Room - Non-Smoking,3,119,7.2,2025-01-23,01-05-2025,Jackson Property,Super 8 by Wyndham Jackson Hole
Queen Room with Two Queen Beds - Non-Smoking,4,119,7.2,2025-01-23,01-05-2025,Jackson Property,Super 8 by Wyndham Jackson Hole
Queen Room - Disability Access/Non-Smoking,2,109,7.2,2025-01-24,01-05-2025,Jackson Property,Super 8 by Wyndham Jackson Hole
Queen Room - Non-Smoking,2,109,7.2,2025-01-24,01-05-2025,Jackson Property,Super 8 by Wyndham Jackson Hole
King Room - Non-Smoking,3,120,7.2,2025-01-24,01-05-2025,Jackson Property,Super 8 by Wyndham Jackson Hole
Queen Room with Two Queen Beds - Non-Smoking,4,120,7.2,2025-01-24,01-05-2025,Jackson Property,Super 8 by Wyndham Jackson Hole
Queen Room - Non-Smoking,2,109,7.2,2025-01-25,01-05-2025,Jackson Property,Super 8 by Wyndham Jackson Hole
Queen Room with Two Queen Beds - Non-Smoking,4,120,7.2,2025-01-25,01-05-2025,Jackson Property,Super 8 by Wyndham Jackson Hole
Queen Room - Non-Smoking,2,109,7.2,2025-01-26,01-05-2025,Jackson Property,Super 8 by Wyndham Jackson Hole
Queen Room with Two Queen Beds - Non-Smoking,4,119,7.2,2025-01-26,01-05-2025,Jackson Property,Super 8 by Wyndham Jackson Hole
Queen Room - Disability Access/Non-Smoking,2,109,7.2,2025-01-27,01-05-2025,Jackson Property,Super 8 by Wyndham Jackson Hole
Queen Room - Non-Smoking,2,109,7.2,2025-01-27,01-05-2025,Jackson Property,Super 8 by Wyndham Jackson Hole
Queen Room with Two Queen Beds - Non-Smoking,4,119,7.2,2025-01-27,01-05-2025,Jackson Property,Super 8 by Wyndham Jackson Hole
Queen Room - Disability Access/Non-Smoking,2,109,7.2,2025-01-28,01-05-2025,Jackson Property,Super 8 by Wyndham Jackson Hole
Queen Room - Non-Smoking,2,109,7.2,2025-01-28,01-05-2025,Jackson Property,Super 8 by Wyndham Jackson Hole
Queen Room with Two Queen Beds - Non-Smoking,4,119,7.2,2025-01-28,01-05-2025,Jackson Property,Super 8 by Wyndham Jackson Hole
Queen Room - Disability Access/Non-Smoking,2,109,7.2,2025-01-29,01-05-2025,Jackson Property,Super 8 by Wyndham Jackson Hole
Queen Room - Non-Smoking,2,109,7.2,2025-01-29,01-05-2025,Jackson Property,Super 8 by Wyndham Jackson Hole
Queen Room with Two Queen Beds - Non-Smoking,4,119,7.2,2025-01-29,01-05-2025,Jackson Property,Super 8 by Wyndham Jackson Hole
Queen Room - Disability Access/Non-Smoking,2,109,7.2,2025-01-30,01-05-2025,Jackson Property,Super 8 by Wyndham Jackson Hole
Queen Room - Non-Smoking,2,109,7.2,2025-01-30,01-05-2025,Jackson Property,Super 8 by Wyndham Jackson Hole
King Room - Disability Access/Non-Smoking,2,119,7.2,2025-01-30,01-05-2025,Jackson Property,Super 8 by Wyndham Jackson Hole
Queen Room with Two Queen Beds - Non-Smoking,4,119,7.2,2025-01-30,01-05-2025,Jackson Property,Super 8 by Wyndham Jackson Hole
Queen Room - Disability Access/Non-Smoking,2,109,7.2,2025-01-31,01-05-2025,Jackson Property,Super 8 by Wyndham Jackson Hole
Queen Room - Non-Smoking,2,109,7.2,2025-01-31,01-05-2025,Jackson Property,Super 8 by Wyndham Jackson Hole
Queen Room with Two Queen Beds - Non-Smoking,4,120,7.2,2025-01-31,01-05-2025,Jackson Property,Super 8 by Wyndham Jackson Hole
Queen Room - Non-Smoking,2,129,7.2,2025-02-01,01-05-2025,Jackson Property,Super 8 by Wyndham Jackson Hole
Queen Room with Two Queen Beds - Non-Smoking,4,140,7.2,2025-02-01,01-05-2025,Jackson Property,Super 8 by Wyndham Jackson Hole
Queen Room - Non-Smoking,2,129,7.2,2025-02-02,01-05-2025,Jackson Property,Super 8 by Wyndham Jackson Hole
Queen Room with Two Queen Beds - Non-Smoking,4,139,7.2,2025-02-02,01-05-2025,Jackson Property,Super 8 by Wyndham Jackson Hole
Queen Room with Two Queen Beds - Non-Smoking,4,139,7.2,2025-02-03,01-05-2025,Jackson Property,Super 8 by Wyndham Jackson Hole
Queen Room - Non-Smoking,2,129,7.2,2025-02-04,01-05-2025,Jackson Property,Super 8 by Wyndham Jackson Hole
Queen Room with Two Queen Beds - Non-Smoking,4,139,7.2,2025-02-04,01-05-2025,Jackson Property,Super 8 by Wyndham Jackson Hole
